dataset,feat_algo,acc,prec,recall,f1,mcc,roc_auc,g-m,bal
prop-3.csv,None,0.83,0.56,0.55,0.55,0.11,0.7,0.69,0.68
prop-3.csv,GSMB,0.78,0.55,0.57,0.55,0.12,0.65,0.68,0.68
prop-3.csv,IAMB,0.8,0.55,0.55,0.54,0.09,0.62,0.67,0.66
prop-3.csv,IAMBnPC,0.8,0.55,0.55,0.54,0.09,0.62,0.67,0.66
prop-3.csv,LRH,0.79,0.55,0.55,0.54,0.09,0.62,0.67,0.66
prop-3.csv,BAMB,0.81,0.55,0.54,0.53,0.08,0.62,0.67,0.66
prop-3.csv,FBEDk,0.8,0.55,0.55,0.54,0.09,0.62,0.67,0.66
prop-3.csv,MMMB,0.75,0.55,0.59,0.56,0.14,0.68,0.68,0.68
prop-3.csv,PCMB,0.81,0.55,0.54,0.53,0.09,0.62,0.67,0.66
prop-3.csv,HITON_MB,0.75,0.56,0.6,0.56,0.15,0.68,0.68,0.68
prop-3.csv,MBOR,0.8,0.55,0.55,0.54,0.1,0.62,0.67,0.67
prop-3.csv,IPCMB,0.71,0.54,0.58,0.53,0.11,0.62,0.65,0.65
prop-3.csv,STMB,0.79,0.55,0.55,0.54,0.1,0.62,0.67,0.67
prop-3.csv,KIAMB,0.8,0.55,0.54,0.53,0.08,0.62,0.67,0.66
prop-3.csv,TIE_P,0.78,0.55,0.57,0.55,0.12,0.66,0.68,0.68
prop-3.csv,Chi-Square1,0.72,0.57,0.64,0.56,0.2,0.72,0.69,0.69
prop-3.csv,Chi-Square2,0.82,0.55,0.55,0.55,0.1,0.67,0.68,0.67
prop-3.csv,Chi-Square3,0.82,0.55,0.55,0.55,0.1,0.69,0.68,0.67
prop-3.csv,Chi-Square4,0.82,0.55,0.54,0.55,0.09,0.68,0.68,0.67
prop-3.csv,Mutual-Info1,0.83,0.56,0.55,0.55,0.11,0.67,0.69,0.68
prop-3.csv,Mutual-Info2,0.82,0.55,0.55,0.55,0.09,0.68,0.68,0.67
prop-3.csv,Mutual-Info3,0.83,0.55,0.54,0.55,0.09,0.68,0.68,0.67
prop-3.csv,Mutual-Info4,0.83,0.56,0.55,0.55,0.11,0.69,0.69,0.68
prop-3.csv,Anova1,0.76,0.57,0.62,0.58,0.18,0.71,0.7,0.7
prop-3.csv,Anova2,0.82,0.55,0.54,0.55,0.09,0.66,0.68,0.67
prop-3.csv,Anova3,0.83,0.55,0.54,0.55,0.09,0.67,0.68,0.67
prop-3.csv,Anova4,0.83,0.56,0.55,0.55,0.11,0.69,0.69,0.68
prop-3.csv,DropCorrelated1,0.83,0.55,0.54,0.54,0.09,0.64,0.68,0.67
prop-3.csv,DropCorrelated2,0.83,0.55,0.54,0.54,0.08,0.66,0.68,0.67
prop-3.csv,DropCorrelated3,0.83,0.55,0.54,0.54,0.09,0.66,0.68,0.67
prop-3.csv,DropCorrelated4,0.83,0.55,0.54,0.54,0.09,0.67,0.68,0.67
prop-3.csv,SmartCorrelated1,0.83,0.57,0.56,0.56,0.12,0.68,0.69,0.68
prop-3.csv,SmartCorrelated2,0.78,0.59,0.64,0.6,0.22,0.74,0.72,0.72
prop-3.csv,SmartCorrelated3,0.83,0.56,0.55,0.55,0.1,0.66,0.68,0.67
prop-3.csv,SmartCorrelated4,0.83,0.56,0.55,0.55,0.11,0.68,0.69,0.68
prop-3.csv,RFE-Logistic1,0.68,0.56,0.64,0.54,0.18,0.7,0.66,0.66
prop-3.csv,RFE-Logistic2,0.82,0.54,0.54,0.54,0.08,0.64,0.68,0.67
prop-3.csv,RFE-Logistic3,0.82,0.55,0.54,0.55,0.09,0.65,0.68,0.67
prop-3.csv,RFE-Logistic4,0.82,0.55,0.54,0.55,0.09,0.69,0.68,0.67
prop-3.csv,Forward1,0.82,0.55,0.54,0.54,0.09,0.66,0.68,0.67
prop-3.csv,Forward2,0.82,0.54,0.54,0.54,0.08,0.67,0.67,0.67
prop-3.csv,Forward3,0.83,0.56,0.55,0.55,0.1,0.68,0.68,0.67
prop-3.csv,Forward4,0.83,0.56,0.55,0.56,0.11,0.68,0.69,0.68
prop-3.csv,RFE-Random1,0.6,0.53,0.57,0.48,0.1,0.61,0.59,0.59
prop-3.csv,RFE-Random2,0.65,0.53,0.56,0.5,0.08,0.61,0.61,0.61
prop-3.csv,RFE-Random3,0.78,0.57,0.6,0.58,0.16,0.69,0.7,0.7
prop-3.csv,RFE-Random4,0.81,0.58,0.61,0.59,0.19,0.71,0.71,0.71
prop-3.csv,Backward1,0.83,0.56,0.55,0.56,0.12,0.68,0.69,0.68
prop-3.csv,Backward2,0.78,0.58,0.63,0.59,0.21,0.73,0.71,0.71
prop-3.csv,Backward3,0.84,0.58,0.57,0.57,0.15,0.7,0.7,0.69
prop-3.csv,Backward4,0.84,0.58,0.57,0.57,0.15,0.7,0.7,0.69
prop-3.csv,Auto-Spearman,0.83,0.56,0.56,0.56,0.12,0.56,0.69,0.68
prop-3.csv,ATE-FS,0.76,0.55,0.58,0.55,0.12,0.65,0.67,0.67
--------,--------,--------,--------,--------,--------,--------,--------,--------,--------
prop-4.csv,None,0.85,0.59,0.6,0.6,0.2,0.77,0.73,0.71
prop-4.csv,GSMB,0.8,0.56,0.59,0.56,0.14,0.64,0.69,0.69
prop-4.csv,IAMB,0.8,0.55,0.59,0.56,0.14,0.63,0.69,0.69
prop-4.csv,IAMBnPC,0.7,0.55,0.61,0.53,0.14,0.65,0.66,0.66
prop-4.csv,LRH,0.8,0.56,0.59,0.56,0.14,0.63,0.69,0.69
prop-4.csv,BAMB,0.8,0.56,0.59,0.56,0.14,0.63,0.7,0.69
prop-4.csv,FBEDk,0.8,0.55,0.58,0.56,0.13,0.64,0.69,0.69
prop-4.csv,MMMB,0.8,0.55,0.59,0.56,0.14,0.63,0.69,0.69
prop-4.csv,PCMB,0.8,0.56,0.59,0.56,0.14,0.63,0.7,0.69
prop-4.csv,HITON_MB,0.8,0.56,0.59,0.56,0.14,0.63,0.7,0.69
prop-4.csv,MBOR,0.8,0.56,0.6,0.57,0.15,0.66,0.7,0.7
prop-4.csv,IPCMB,0.78,0.56,0.6,0.56,0.15,0.66,0.69,0.69
prop-4.csv,STMB,0.76,0.56,0.62,0.56,0.16,0.66,0.7,0.69
prop-4.csv,KIAMB,0.8,0.56,0.59,0.57,0.15,0.67,0.7,0.69
prop-4.csv,TIE_P,0.81,0.57,0.61,0.58,0.17,0.68,0.71,0.7
prop-4.csv,Chi-Square1,0.77,0.59,0.68,0.59,0.25,0.76,0.73,0.73
prop-4.csv,Chi-Square2,0.85,0.6,0.62,0.61,0.22,0.76,0.74,0.72
prop-4.csv,Chi-Square3,0.85,0.6,0.61,0.6,0.21,0.76,0.73,0.72
prop-4.csv,Chi-Square4,0.85,0.59,0.6,0.6,0.19,0.77,0.72,0.71
prop-4.csv,Mutual-Info1,0.86,0.61,0.61,0.61,0.22,0.76,0.73,0.72
prop-4.csv,Mutual-Info2,0.85,0.6,0.62,0.61,0.22,0.77,0.74,0.72
prop-4.csv,Mutual-Info3,0.85,0.6,0.62,0.61,0.22,0.76,0.74,0.72
prop-4.csv,Mutual-Info4,0.85,0.6,0.61,0.6,0.21,0.76,0.73,0.72
prop-4.csv,Anova1,0.85,0.6,0.62,0.61,0.23,0.76,0.74,0.73
prop-4.csv,Anova2,0.86,0.6,0.61,0.6,0.21,0.76,0.73,0.72
prop-4.csv,Anova3,0.85,0.6,0.61,0.6,0.21,0.76,0.73,0.72
prop-4.csv,Anova4,0.85,0.6,0.61,0.6,0.21,0.77,0.73,0.72
prop-4.csv,DropCorrelated1,0.85,0.6,0.62,0.61,0.22,0.74,0.74,0.72
prop-4.csv,DropCorrelated2,0.86,0.61,0.63,0.62,0.24,0.74,0.74,0.73
prop-4.csv,DropCorrelated3,0.85,0.61,0.63,0.62,0.24,0.76,0.74,0.73
prop-4.csv,DropCorrelated4,0.85,0.61,0.63,0.62,0.24,0.76,0.74,0.73
prop-4.csv,SmartCorrelated1,0.85,0.61,0.64,0.63,0.25,0.76,0.75,0.74
prop-4.csv,SmartCorrelated2,0.81,0.57,0.61,0.58,0.17,0.72,0.71,0.71
prop-4.csv,SmartCorrelated3,0.75,0.58,0.68,0.58,0.23,0.75,0.72,0.72
prop-4.csv,SmartCorrelated4,0.85,0.6,0.62,0.61,0.22,0.75,0.74,0.72
prop-4.csv,RFE-Logistic1,0.85,0.6,0.61,0.6,0.21,0.74,0.73,0.72
prop-4.csv,RFE-Logistic2,0.85,0.6,0.62,0.61,0.22,0.76,0.73,0.72
prop-4.csv,RFE-Logistic3,0.85,0.59,0.6,0.59,0.19,0.75,0.72,0.71
prop-4.csv,RFE-Logistic4,0.86,0.6,0.61,0.6,0.2,0.76,0.73,0.71
prop-4.csv,Forward1,0.85,0.59,0.61,0.6,0.2,0.74,0.73,0.72
prop-4.csv,Forward2,0.85,0.61,0.62,0.61,0.23,0.76,0.74,0.73
prop-4.csv,Forward3,0.85,0.6,0.61,0.61,0.21,0.75,0.73,0.72
prop-4.csv,Forward4,0.85,0.6,0.61,0.6,0.21,0.77,0.73,0.72
prop-4.csv,RFE-Random1,0.82,0.56,0.59,0.57,0.14,0.64,0.7,0.69
prop-4.csv,RFE-Random2,0.81,0.56,0.58,0.56,0.14,0.64,0.7,0.69
prop-4.csv,RFE-Random3,0.85,0.61,0.63,0.62,0.23,0.76,0.74,0.73
prop-4.csv,RFE-Random4,0.86,0.61,0.62,0.61,0.23,0.76,0.74,0.73
prop-4.csv,Backward1,0.86,0.61,0.62,0.61,0.22,0.72,0.74,0.72
prop-4.csv,Backward2,0.86,0.61,0.63,0.62,0.24,0.73,0.75,0.73
prop-4.csv,Backward3,0.86,0.61,0.63,0.62,0.24,0.75,0.75,0.73
prop-4.csv,Backward4,0.85,0.61,0.63,0.62,0.24,0.77,0.75,0.73
prop-4.csv,Auto-Spearman,0.85,0.61,0.63,0.62,0.24,0.63,0.74,0.73
prop-4.csv,ATE-FS,0.81,0.55,0.58,0.56,0.13,0.69,0.69,0.69
--------,--------,--------,--------,--------,--------,--------,--------,--------,--------
prop-2.csv,None,0.88,0.68,0.68,0.68,0.36,0.86,0.79,0.77
prop-2.csv,GSMB,0.76,0.56,0.61,0.56,0.16,0.71,0.69,0.69
prop-2.csv,IAMB,0.77,0.56,0.6,0.56,0.16,0.71,0.69,0.69
prop-2.csv,IAMBnPC,0.75,0.56,0.61,0.56,0.15,0.69,0.68,0.68
prop-2.csv,LRH,0.76,0.56,0.61,0.56,0.17,0.71,0.69,0.69
prop-2.csv,BAMB,0.75,0.56,0.6,0.56,0.15,0.69,0.69,0.68
prop-2.csv,FBEDk,0.76,0.56,0.61,0.56,0.17,0.71,0.69,0.69
prop-2.csv,MMMB,0.76,0.56,0.61,0.57,0.17,0.71,0.7,0.69
prop-2.csv,PCMB,0.76,0.56,0.61,0.57,0.16,0.71,0.69,0.69
prop-2.csv,HITON_MB,0.76,0.56,0.61,0.57,0.17,0.71,0.7,0.69
prop-2.csv,MBOR,0.78,0.59,0.67,0.61,0.25,0.76,0.73,0.73
prop-2.csv,IPCMB,0.82,0.61,0.66,0.62,0.26,0.78,0.75,0.74
prop-2.csv,STMB,0.76,0.56,0.61,0.56,0.16,0.71,0.69,0.69
prop-2.csv,KIAMB,0.82,0.59,0.6,0.58,0.18,0.73,0.71,0.7
prop-2.csv,TIE_P,0.83,0.6,0.6,0.59,0.19,0.73,0.71,0.7
prop-2.csv,Chi-Square1,0.84,0.6,0.62,0.61,0.22,0.74,0.73,0.72
prop-2.csv,Chi-Square2,0.85,0.62,0.64,0.63,0.25,0.78,0.75,0.73
prop-2.csv,Chi-Square3,0.77,0.61,0.72,0.62,0.31,0.8,0.75,0.75
prop-2.csv,Chi-Square4,0.85,0.61,0.62,0.62,0.24,0.79,0.74,0.73
prop-2.csv,Mutual-Info1,0.79,0.6,0.67,0.61,0.26,0.76,0.74,0.74
prop-2.csv,Mutual-Info2,0.87,0.66,0.68,0.67,0.33,0.84,0.78,0.76
prop-2.csv,Mutual-Info3,0.87,0.66,0.68,0.67,0.35,0.84,0.78,0.77
prop-2.csv,Mutual-Info4,0.8,0.63,0.74,0.65,0.35,0.82,0.78,0.77
prop-2.csv,Anova1,0.85,0.62,0.64,0.63,0.26,0.75,0.75,0.74
prop-2.csv,Anova2,0.85,0.62,0.63,0.62,0.25,0.76,0.74,0.73
prop-2.csv,Anova3,0.85,0.61,0.62,0.62,0.23,0.78,0.74,0.72
prop-2.csv,Anova4,0.76,0.6,0.7,0.6,0.28,0.79,0.73,0.73
prop-2.csv,DropCorrelated1,0.86,0.6,0.59,0.59,0.18,0.74,0.72,0.7
prop-2.csv,DropCorrelated2,0.85,0.61,0.62,0.61,0.22,0.75,0.73,0.72
prop-2.csv,DropCorrelated3,0.75,0.59,0.68,0.59,0.26,0.78,0.73,0.72
prop-2.csv,DropCorrelated4,0.85,0.62,0.63,0.62,0.25,0.78,0.74,0.73
prop-2.csv,SmartCorrelated1,0.86,0.65,0.68,0.66,0.32,0.82,0.78,0.76
prop-2.csv,SmartCorrelated2,0.85,0.61,0.62,0.62,0.24,0.77,0.74,0.73
prop-2.csv,SmartCorrelated3,0.78,0.6,0.69,0.61,0.28,0.8,0.74,0.74
prop-2.csv,SmartCorrelated4,0.85,0.62,0.62,0.62,0.24,0.79,0.74,0.73
prop-2.csv,RFE-Logistic1,0.83,0.59,0.61,0.6,0.21,0.73,0.73,0.72
prop-2.csv,RFE-Logistic2,0.85,0.61,0.62,0.61,0.23,0.74,0.74,0.72
prop-2.csv,RFE-Logistic3,0.85,0.61,0.62,0.62,0.23,0.77,0.74,0.72
prop-2.csv,RFE-Logistic4,0.85,0.62,0.63,0.62,0.24,0.79,0.74,0.73
prop-2.csv,Forward1,0.83,0.6,0.63,0.61,0.23,0.75,0.73,0.72
prop-2.csv,Forward2,0.84,0.6,0.63,0.61,0.23,0.77,0.74,0.73
prop-2.csv,Forward3,0.76,0.6,0.71,0.61,0.29,0.8,0.74,0.74
prop-2.csv,Forward4,0.76,0.6,0.71,0.61,0.29,0.8,0.74,0.74
prop-2.csv,RFE-Random1,0.6,0.54,0.59,0.48,0.12,0.61,0.6,0.6
prop-2.csv,RFE-Random2,0.66,0.54,0.6,0.51,0.12,0.66,0.63,0.63
prop-2.csv,RFE-Random3,0.82,0.59,0.64,0.61,0.22,0.77,0.73,0.72
prop-2.csv,RFE-Random4,0.78,0.61,0.71,0.62,0.3,0.8,0.75,0.75
prop-2.csv,Backward1,0.85,0.62,0.63,0.62,0.25,0.77,0.74,0.73
prop-2.csv,Backward2,0.85,0.62,0.63,0.62,0.25,0.78,0.74,0.73
prop-2.csv,Backward3,0.85,0.62,0.63,0.63,0.25,0.8,0.75,0.73
prop-2.csv,Backward4,0.85,0.62,0.63,0.62,0.24,0.79,0.74,0.73
prop-2.csv,Auto-Spearman,0.88,0.68,0.7,0.69,0.38,0.7,0.79,0.78
prop-2.csv,ATE-FS,0.72,0.57,0.65,0.56,0.21,0.73,0.69,0.69
--------,--------,--------,--------,--------,--------,--------,--------,--------,--------
prop-1.csv,None,0.83,0.67,0.68,0.68,0.35,0.81,0.77,0.76
prop-1.csv,GSMB,0.79,0.61,0.64,0.62,0.25,0.72,0.73,0.72
prop-1.csv,IAMB,0.78,0.61,0.64,0.62,0.25,0.72,0.73,0.72
prop-1.csv,IAMBnPC,0.79,0.61,0.64,0.62,0.25,0.71,0.73,0.72
prop-1.csv,LRH,0.79,0.61,0.64,0.62,0.25,0.72,0.73,0.72
prop-1.csv,BAMB,0.71,0.58,0.63,0.58,0.21,0.69,0.68,0.68
prop-1.csv,FBEDk,0.61,0.54,0.58,0.51,0.11,0.64,0.6,0.6
prop-1.csv,MMMB,0.79,0.61,0.64,0.62,0.25,0.72,0.73,0.72
prop-1.csv,PCMB,0.72,0.58,0.63,0.59,0.21,0.69,0.69,0.69
prop-1.csv,HITON_MB,0.78,0.61,0.64,0.62,0.25,0.72,0.73,0.72
prop-1.csv,MBOR,0.79,0.61,0.64,0.62,0.25,0.72,0.73,0.72
prop-1.csv,IPCMB,0.79,0.61,0.64,0.62,0.25,0.72,0.73,0.72
prop-1.csv,STMB,0.79,0.62,0.64,0.63,0.26,0.73,0.73,0.73
prop-1.csv,KIAMB,0.79,0.61,0.64,0.62,0.25,0.72,0.73,0.72
prop-1.csv,TIE_P,0.79,0.62,0.64,0.63,0.26,0.73,0.73,0.73
prop-1.csv,Chi-Square1,0.72,0.61,0.69,0.61,0.29,0.76,0.71,0.71
prop-1.csv,Chi-Square2,0.82,0.64,0.65,0.65,0.29,0.78,0.75,0.74
prop-1.csv,Chi-Square3,0.77,0.64,0.71,0.65,0.34,0.8,0.75,0.75
prop-1.csv,Chi-Square4,0.82,0.65,0.66,0.65,0.31,0.79,0.76,0.74
prop-1.csv,Mutual-Info1,0.82,0.65,0.65,0.65,0.3,0.78,0.75,0.74
prop-1.csv,Mutual-Info2,0.82,0.65,0.65,0.65,0.3,0.79,0.75,0.74
prop-1.csv,Mutual-Info3,0.82,0.65,0.66,0.65,0.31,0.79,0.76,0.75
prop-1.csv,Mutual-Info4,0.83,0.66,0.68,0.67,0.34,0.81,0.77,0.76
prop-1.csv,Anova1,0.82,0.65,0.65,0.65,0.3,0.78,0.75,0.74
prop-1.csv,Anova2,0.82,0.65,0.65,0.65,0.3,0.79,0.75,0.74
prop-1.csv,Anova3,0.82,0.65,0.65,0.65,0.3,0.79,0.75,0.74
prop-1.csv,Anova4,0.82,0.65,0.65,0.65,0.3,0.79,0.75,0.74
prop-1.csv,DropCorrelated1,0.77,0.62,0.68,0.63,0.29,0.76,0.74,0.73
prop-1.csv,DropCorrelated2,0.79,0.63,0.66,0.64,0.29,0.76,0.74,0.74
prop-1.csv,DropCorrelated3,0.82,0.64,0.65,0.65,0.29,0.78,0.75,0.74
prop-1.csv,DropCorrelated4,0.83,0.66,0.66,0.66,0.32,0.78,0.76,0.75
prop-1.csv,SmartCorrelated1,0.81,0.62,0.61,0.61,0.23,0.74,0.72,0.71
prop-1.csv,SmartCorrelated2,0.82,0.63,0.61,0.62,0.24,0.74,0.73,0.72
prop-1.csv,SmartCorrelated3,0.81,0.62,0.62,0.62,0.24,0.77,0.73,0.72
prop-1.csv,SmartCorrelated4,0.82,0.64,0.62,0.63,0.26,0.76,0.74,0.72
prop-1.csv,RFE-Logistic1,0.82,0.64,0.64,0.64,0.28,0.74,0.75,0.73
prop-1.csv,RFE-Logistic2,0.79,0.63,0.68,0.64,0.3,0.75,0.75,0.74
prop-1.csv,RFE-Logistic3,0.82,0.65,0.66,0.65,0.31,0.78,0.76,0.75
prop-1.csv,RFE-Logistic4,0.82,0.65,0.66,0.65,0.31,0.79,0.76,0.75
prop-1.csv,Forward1,0.81,0.63,0.65,0.64,0.28,0.76,0.74,0.73
prop-1.csv,Forward2,0.82,0.65,0.65,0.65,0.3,0.79,0.75,0.74
prop-1.csv,Forward3,0.82,0.65,0.65,0.65,0.3,0.78,0.75,0.74
prop-1.csv,Forward4,0.82,0.65,0.66,0.66,0.31,0.79,0.76,0.75
prop-1.csv,RFE-Random1,0.84,0.63,0.55,0.55,0.16,0.59,0.7,0.68
prop-1.csv,RFE-Random2,0.83,0.63,0.6,0.61,0.23,0.68,0.73,0.71
prop-1.csv,RFE-Random3,0.8,0.61,0.63,0.62,0.24,0.72,0.73,0.72
prop-1.csv,RFE-Random4,0.79,0.63,0.65,0.64,0.28,0.74,0.74,0.73
prop-1.csv,Backward1,0.81,0.64,0.65,0.64,0.29,0.77,0.75,0.74
prop-1.csv,Backward2,0.81,0.64,0.65,0.65,0.29,0.78,0.75,0.74
prop-1.csv,Backward3,0.82,0.65,0.66,0.65,0.3,0.78,0.75,0.74
prop-1.csv,Backward4,0.72,0.61,0.69,0.61,0.28,0.76,0.71,0.71
prop-1.csv,Auto-Spearman,0.83,0.67,0.68,0.67,0.34,0.68,0.77,0.76
prop-1.csv,ATE-FS,0.83,0.64,0.6,0.61,0.24,0.74,0.73,0.71
--------,--------,--------,--------,--------,--------,--------,--------,--------,--------
prop-5.csv,None,0.76,0.56,0.56,0.56,0.11,0.73,0.68,0.67
prop-5.csv,GSMB,0.75,0.57,0.59,0.58,0.16,0.7,0.69,0.68
prop-5.csv,IAMB,0.73,0.58,0.61,0.58,0.19,0.7,0.69,0.69
prop-5.csv,IAMBnPC,0.74,0.58,0.61,0.58,0.18,0.7,0.69,0.69
prop-5.csv,LRH,0.76,0.57,0.59,0.58,0.16,0.7,0.69,0.68
prop-5.csv,BAMB,0.76,0.57,0.59,0.58,0.16,0.7,0.69,0.68
prop-5.csv,FBEDk,0.75,0.57,0.59,0.58,0.16,0.7,0.69,0.68
prop-5.csv,MMMB,0.74,0.58,0.61,0.58,0.19,0.7,0.69,0.69
prop-5.csv,PCMB,0.74,0.57,0.6,0.58,0.17,0.66,0.68,0.68
prop-5.csv,HITON_MB,0.74,0.58,0.61,0.58,0.18,0.7,0.69,0.69
prop-5.csv,MBOR,0.76,0.58,0.59,0.58,0.16,0.7,0.69,0.69
prop-5.csv,IPCMB,0.73,0.57,0.6,0.58,0.17,0.66,0.68,0.68
prop-5.csv,STMB,0.73,0.57,0.59,0.57,0.16,0.68,0.68,0.68
prop-5.csv,KIAMB,0.76,0.57,0.59,0.58,0.16,0.7,0.69,0.68
prop-5.csv,TIE_P,0.73,0.58,0.62,0.58,0.19,0.71,0.69,0.69
prop-5.csv,Chi-Square1,0.71,0.58,0.64,0.58,0.22,0.72,0.68,0.68
prop-5.csv,Chi-Square2,0.68,0.58,0.63,0.57,0.2,0.72,0.67,0.67
prop-5.csv,Chi-Square3,0.76,0.54,0.55,0.55,0.09,0.7,0.67,0.66
prop-5.csv,Chi-Square4,0.73,0.59,0.64,0.6,0.23,0.74,0.7,0.7
prop-5.csv,Mutual-Info1,0.77,0.55,0.55,0.55,0.1,0.68,0.67,0.67
prop-5.csv,Mutual-Info2,0.76,0.55,0.55,0.55,0.11,0.72,0.67,0.67
prop-5.csv,Mutual-Info3,0.76,0.55,0.56,0.56,0.11,0.73,0.67,0.67
prop-5.csv,Mutual-Info4,0.76,0.55,0.56,0.55,0.11,0.72,0.67,0.67
prop-5.csv,Anova1,0.76,0.55,0.55,0.55,0.09,0.7,0.67,0.66
prop-5.csv,Anova2,0.76,0.55,0.55,0.55,0.11,0.71,0.67,0.67
prop-5.csv,Anova3,0.73,0.6,0.67,0.61,0.27,0.75,0.71,0.71
prop-5.csv,Anova4,0.75,0.61,0.66,0.62,0.26,0.76,0.72,0.72
prop-5.csv,DropCorrelated1,0.8,0.58,0.56,0.57,0.14,0.72,0.69,0.68
prop-5.csv,DropCorrelated2,0.8,0.59,0.57,0.58,0.16,0.72,0.7,0.69
prop-5.csv,DropCorrelated3,0.77,0.55,0.55,0.55,0.1,0.7,0.67,0.67
prop-5.csv,DropCorrelated4,0.77,0.55,0.55,0.55,0.11,0.71,0.68,0.67
prop-5.csv,SmartCorrelated1,0.8,0.59,0.58,0.59,0.18,0.74,0.71,0.7
prop-5.csv,SmartCorrelated2,0.79,0.57,0.56,0.56,0.13,0.71,0.69,0.68
prop-5.csv,SmartCorrelated3,0.76,0.55,0.55,0.55,0.09,0.71,0.67,0.66
prop-5.csv,SmartCorrelated4,0.76,0.55,0.55,0.55,0.1,0.71,0.67,0.67
prop-5.csv,RFE-Logistic1,0.67,0.57,0.63,0.56,0.2,0.71,0.66,0.66
prop-5.csv,RFE-Logistic2,0.76,0.54,0.54,0.54,0.08,0.69,0.66,0.66
prop-5.csv,RFE-Logistic3,0.74,0.6,0.66,0.61,0.26,0.75,0.71,0.71
prop-5.csv,RFE-Logistic4,0.75,0.54,0.54,0.54,0.08,0.72,0.66,0.66
prop-5.csv,Forward1,0.76,0.55,0.55,0.55,0.1,0.69,0.67,0.67
prop-5.csv,Forward2,0.76,0.55,0.56,0.55,0.11,0.69,0.67,0.67
prop-5.csv,Forward3,0.76,0.55,0.55,0.55,0.1,0.7,0.67,0.67
prop-5.csv,Forward4,0.77,0.56,0.57,0.56,0.13,0.71,0.68,0.68
prop-5.csv,RFE-Random1,0.57,0.54,0.58,0.5,0.12,0.6,0.58,0.58
prop-5.csv,RFE-Random2,0.8,0.58,0.57,0.57,0.15,0.71,0.7,0.69
prop-5.csv,RFE-Random3,0.73,0.6,0.65,0.61,0.25,0.74,0.71,0.71
prop-5.csv,RFE-Random4,0.78,0.57,0.57,0.57,0.14,0.71,0.69,0.68
prop-5.csv,Backward1,0.77,0.56,0.56,0.56,0.12,0.7,0.68,0.67
prop-5.csv,Backward2,0.77,0.56,0.56,0.56,0.13,0.7,0.68,0.68
prop-5.csv,Backward3,0.76,0.61,0.66,0.62,0.27,0.76,0.72,0.72
prop-5.csv,Backward4,0.77,0.56,0.56,0.56,0.12,0.71,0.68,0.68
prop-5.csv,Auto-Spearman,0.76,0.55,0.55,0.55,0.09,0.55,0.67,0.66
prop-5.csv,ATE-FS,0.8,0.58,0.56,0.57,0.14,0.7,0.69,0.68
--------,--------,--------,--------,--------,--------,--------,--------,--------,--------
camel-2.11.0.csv,None,0.98,0.71,0.59,0.62,0.28,0.9,0.74,0.71
camel-2.11.0.csv,GSMB,0.97,0.58,0.55,0.56,0.13,0.8,0.71,0.68
camel-2.11.0.csv,IAMB,0.97,0.6,0.56,0.57,0.15,0.8,0.71,0.69
camel-2.11.0.csv,IAMBnPC,0.95,0.56,0.6,0.57,0.16,0.75,0.74,0.72
camel-2.11.0.csv,LRH,0.97,0.58,0.56,0.56,0.13,0.77,0.71,0.69
camel-2.11.0.csv,BAMB,--,--,--,--,--,--,--,
camel-2.11.0.csv,FBEDk,0.95,0.57,0.63,0.58,0.18,0.81,0.76,0.73
camel-2.11.0.csv,MMMB,--,--,--,--,--,--,--,
camel-2.11.0.csv,PCMB,0.93,0.54,0.62,0.56,0.14,0.78,0.75,0.73
camel-2.11.0.csv,HITON_MB,0.97,0.59,0.56,0.57,0.15,0.78,0.72,0.69
camel-2.11.0.csv,MBOR,--,--,--,--,--,--,--,
camel-2.11.0.csv,IPCMB,--,--,--,--,--,--,--,
camel-2.11.0.csv,STMB,--,--,--,--,--,--,--,
camel-2.11.0.csv,KIAMB,0.95,0.57,0.63,0.59,0.19,0.81,0.76,0.74
camel-2.11.0.csv,TIE_P,0.96,0.58,0.61,0.59,0.19,0.8,0.75,0.73
camel-2.11.0.csv,Chi-Square1,0.94,0.55,0.61,0.57,0.16,0.75,0.75,0.73
camel-2.11.0.csv,Chi-Square2,0.95,0.57,0.63,0.59,0.19,0.8,0.76,0.74
camel-2.11.0.csv,Chi-Square3,0.95,0.58,0.64,0.6,0.21,0.82,0.77,0.75
camel-2.11.0.csv,Chi-Square4,0.95,0.58,0.64,0.6,0.21,0.81,0.77,0.74
camel-2.11.0.csv,Mutual-Info1,0.96,0.59,0.61,0.6,0.2,0.75,0.75,0.73
camel-2.11.0.csv,Mutual-Info2,0.96,0.61,0.64,0.62,0.24,0.79,0.77,0.74
camel-2.11.0.csv,Mutual-Info3,0.96,0.61,0.67,0.63,0.27,0.85,0.79,0.77
camel-2.11.0.csv,Mutual-Info4,0.96,0.6,0.66,0.62,0.25,0.86,0.78,0.76
camel-2.11.0.csv,Anova1,0.97,0.56,0.55,0.56,0.11,0.55,0.71,0.68
camel-2.11.0.csv,Anova2,0.97,0.59,0.57,0.58,0.16,0.76,0.72,0.7
camel-2.11.0.csv,Anova3,0.97,0.58,0.56,0.57,0.14,0.77,0.71,0.69
camel-2.11.0.csv,Anova4,0.97,0.58,0.57,0.57,0.14,0.76,0.72,0.69
camel-2.11.0.csv,DropCorrelated1,0.95,0.58,0.66,0.61,0.23,0.86,0.78,0.76
camel-2.11.0.csv,DropCorrelated2,0.97,0.67,0.59,0.61,0.24,0.89,0.74,0.71
camel-2.11.0.csv,DropCorrelated3,0.96,0.61,0.69,0.64,0.29,0.89,0.81,0.78
camel-2.11.0.csv,DropCorrelated4,0.97,0.66,0.59,0.61,0.23,0.9,0.73,0.71
camel-2.11.0.csv,SmartCorrelated1,0.98,0.67,0.59,0.62,0.24,0.89,0.74,0.71
camel-2.11.0.csv,SmartCorrelated2,0.98,0.68,0.58,0.61,0.24,0.9,0.73,0.71
camel-2.11.0.csv,SmartCorrelated3,0.97,0.62,0.62,0.62,0.24,0.84,0.76,0.73
camel-2.11.0.csv,SmartCorrelated4,0.97,0.65,0.59,0.61,0.23,0.87,0.74,0.71
camel-2.11.0.csv,RFE-Logistic1,0.95,0.56,0.59,0.57,0.15,0.61,0.73,0.71
camel-2.11.0.csv,RFE-Logistic2,0.96,0.57,0.61,0.58,0.17,0.76,0.75,0.72
camel-2.11.0.csv,RFE-Logistic3,0.96,0.57,0.6,0.58,0.17,0.82,0.74,0.72
camel-2.11.0.csv,RFE-Logistic4,0.96,0.58,0.6,0.59,0.18,0.83,0.74,0.71
camel-2.11.0.csv,Forward1,0.96,0.59,0.6,0.59,0.18,0.8,0.74,0.72
camel-2.11.0.csv,Forward2,0.95,0.58,0.67,0.61,0.24,0.87,0.79,0.76
camel-2.11.0.csv,Forward3,0.97,0.66,0.62,0.64,0.28,0.85,0.76,0.73
camel-2.11.0.csv,Forward4,0.97,0.65,0.59,0.61,0.23,0.84,0.74,0.71
camel-2.11.0.csv,RFE-Random1,0.98,0.56,0.5,0.5,0.04,0.52,0.67,0.65
camel-2.11.0.csv,RFE-Random2,0.96,0.59,0.6,0.59,0.19,0.78,0.74,0.72
camel-2.11.0.csv,RFE-Random3,0.94,0.58,0.67,0.6,0.22,0.83,0.78,0.76
camel-2.11.0.csv,RFE-Random4,0.97,0.62,0.59,0.6,0.2,0.81,0.73,0.71
camel-2.11.0.csv,Backward1,0.94,0.57,0.66,0.59,0.21,0.84,0.78,0.76
camel-2.11.0.csv,Backward2,0.97,0.64,0.63,0.63,0.27,0.84,0.76,0.74
camel-2.11.0.csv,Backward3,0.95,0.6,0.71,0.63,0.29,0.88,0.81,0.79
camel-2.11.0.csv,Backward4,0.98,0.7,0.65,0.67,0.35,0.88,0.79,0.76
camel-2.11.0.csv,Auto-Spearman,0.98,0.69,0.6,0.63,0.28,0.6,0.75,0.72
camel-2.11.0.csv,ATE-FS,0.97,0.57,0.54,0.55,0.11,0.74,0.7,0.68
--------,--------,--------,--------,--------,--------,--------,--------,--------,--------
derby-10.5.1.1.csv,None,0.87,0.72,0.71,0.71,0.43,0.84,0.8,0.79
derby-10.5.1.1.csv,GSMB,0.82,0.64,0.64,0.64,0.28,0.73,0.74,0.73
derby-10.5.1.1.csv,IAMB,0.79,0.59,0.6,0.6,0.19,0.69,0.71,0.7
derby-10.5.1.1.csv,IAMBnPC,0.77,0.59,0.62,0.6,0.22,0.71,0.71,0.71
derby-10.5.1.1.csv,LRH,0.82,0.63,0.63,0.63,0.26,0.73,0.74,0.73
derby-10.5.1.1.csv,BAMB,--,--,--,--,--,--,--,
derby-10.5.1.1.csv,FBEDk,0.82,0.63,0.63,0.63,0.26,0.72,0.74,0.73
derby-10.5.1.1.csv,MMMB,--,--,--,--,--,--,--,
derby-10.5.1.1.csv,PCMB,0.76,0.6,0.65,0.61,0.24,0.7,0.72,0.71
derby-10.5.1.1.csv,HITON_MB,0.78,0.61,0.65,0.62,0.25,0.72,0.73,0.72
derby-10.5.1.1.csv,MBOR,--,--,--,--,--,--,--,
derby-10.5.1.1.csv,IPCMB,--,--,--,--,--,--,--,
derby-10.5.1.1.csv,STMB,--,--,--,--,--,--,--,
derby-10.5.1.1.csv,KIAMB,0.79,0.59,0.6,0.6,0.2,0.69,0.71,0.7
derby-10.5.1.1.csv,TIE_P,0.81,0.62,0.63,0.62,0.25,0.72,0.73,0.72
derby-10.5.1.1.csv,Chi-Square1,0.8,0.63,0.67,0.64,0.3,0.76,0.75,0.74
derby-10.5.1.1.csv,Chi-Square2,0.81,0.65,0.69,0.66,0.33,0.76,0.76,0.76
derby-10.5.1.1.csv,Chi-Square3,0.79,0.65,0.72,0.67,0.36,0.78,0.77,0.77
derby-10.5.1.1.csv,Chi-Square4,0.82,0.65,0.69,0.67,0.34,0.78,0.77,0.76
derby-10.5.1.1.csv,Mutual-Info1,0.83,0.66,0.66,0.66,0.32,0.78,0.76,0.75
derby-10.5.1.1.csv,Mutual-Info2,0.8,0.65,0.7,0.66,0.34,0.79,0.77,0.76
derby-10.5.1.1.csv,Mutual-Info3,0.84,0.68,0.69,0.68,0.37,0.8,0.78,0.77
derby-10.5.1.1.csv,Mutual-Info4,0.84,0.68,0.68,0.68,0.36,0.81,0.78,0.77
derby-10.5.1.1.csv,Anova1,0.85,0.68,0.62,0.64,0.29,0.75,0.75,0.73
derby-10.5.1.1.csv,Anova2,0.86,0.71,0.67,0.69,0.38,0.79,0.78,0.76
derby-10.5.1.1.csv,Anova3,0.86,0.7,0.68,0.69,0.37,0.81,0.78,0.77
derby-10.5.1.1.csv,Anova4,0.86,0.7,0.67,0.68,0.37,0.8,0.78,0.76
derby-10.5.1.1.csv,DropCorrelated1,0.87,0.72,0.68,0.69,0.4,0.82,0.79,0.77
derby-10.5.1.1.csv,DropCorrelated2,0.86,0.71,0.69,0.7,0.4,0.82,0.79,0.77
derby-10.5.1.1.csv,DropCorrelated3,0.88,0.75,0.7,0.72,0.44,0.84,0.8,0.78
derby-10.5.1.1.csv,DropCorrelated4,0.83,0.69,0.74,0.71,0.43,0.83,0.8,0.8
derby-10.5.1.1.csv,SmartCorrelated1,0.86,0.71,0.68,0.69,0.39,0.82,0.79,0.77
derby-10.5.1.1.csv,SmartCorrelated2,0.87,0.72,0.69,0.7,0.41,0.82,0.79,0.77
derby-10.5.1.1.csv,SmartCorrelated3,0.88,0.76,0.69,0.72,0.45,0.83,0.8,0.78
derby-10.5.1.1.csv,SmartCorrelated4,0.87,0.74,0.71,0.72,0.45,0.84,0.81,0.79
derby-10.5.1.1.csv,RFE-Logistic1,0.76,0.59,0.63,0.6,0.22,0.68,0.71,0.71
derby-10.5.1.1.csv,RFE-Logistic2,0.83,0.64,0.61,0.62,0.25,0.7,0.74,0.72
derby-10.5.1.1.csv,RFE-Logistic3,0.79,0.62,0.66,0.63,0.28,0.75,0.74,0.73
derby-10.5.1.1.csv,RFE-Logistic4,0.81,0.61,0.61,0.61,0.22,0.73,0.72,0.71
derby-10.5.1.1.csv,Forward1,0.84,0.67,0.67,0.67,0.34,0.8,0.77,0.76
derby-10.5.1.1.csv,Forward2,0.85,0.68,0.66,0.67,0.34,0.8,0.77,0.75
derby-10.5.1.1.csv,Forward3,0.86,0.7,0.69,0.69,0.39,0.81,0.79,0.77
derby-10.5.1.1.csv,Forward4,0.86,0.71,0.67,0.69,0.38,0.81,0.78,0.76
derby-10.5.1.1.csv,RFE-Random1,0.82,0.63,0.64,0.63,0.27,0.77,0.74,0.73
derby-10.5.1.1.csv,RFE-Random2,0.85,0.62,0.55,0.55,0.15,0.56,0.7,0.68
derby-10.5.1.1.csv,RFE-Random3,0.83,0.64,0.64,0.64,0.28,0.75,0.75,0.74
derby-10.5.1.1.csv,RFE-Random4,0.86,0.7,0.67,0.68,0.37,0.8,0.78,0.76
derby-10.5.1.1.csv,Backward1,0.8,0.62,0.65,0.63,0.27,0.75,0.74,0.73
derby-10.5.1.1.csv,Backward2,0.82,0.63,0.64,0.63,0.27,0.75,0.74,0.73
derby-10.5.1.1.csv,Backward3,0.83,0.65,0.65,0.65,0.3,0.76,0.75,0.74
derby-10.5.1.1.csv,Backward4,0.85,0.69,0.65,0.67,0.34,0.78,0.77,0.75
derby-10.5.1.1.csv,Auto-Spearman,0.88,0.76,0.7,0.72,0.45,0.7,0.8,0.78
derby-10.5.1.1.csv,ATE-FS,0.86,0.71,0.67,0.69,0.38,0.81,0.78,0.76
--------,--------,--------,--------,--------,--------,--------,--------,--------,--------
activemq-5.3.0.csv,None,0.9,0.74,0.67,0.69,0.4,0.86,0.79,0.76
activemq-5.3.0.csv,GSMB,0.82,0.58,0.6,0.59,0.19,0.76,0.72,0.71
activemq-5.3.0.csv,IAMB,0.84,0.6,0.59,0.59,0.19,0.76,0.72,0.7
activemq-5.3.0.csv,IAMBnPC,0.79,0.59,0.65,0.6,0.23,0.78,0.73,0.72
activemq-5.3.0.csv,LRH,0.81,0.6,0.66,0.62,0.25,0.79,0.74,0.73
activemq-5.3.0.csv,BAMB,--,--,--,--,--,--,--,
activemq-5.3.0.csv,FBEDk,0.84,0.59,0.58,0.58,0.17,0.75,0.71,0.7
activemq-5.3.0.csv,MMMB,--,--,--,--,--,--,--,
activemq-5.3.0.csv,PCMB,0.83,0.58,0.59,0.59,0.17,0.75,0.71,0.7
activemq-5.3.0.csv,HITON_MB,0.86,0.63,0.61,0.61,0.23,0.78,0.73,0.72
activemq-5.3.0.csv,MBOR,--,--,--,--,--,--,--,
activemq-5.3.0.csv,IPCMB,--,--,--,--,--,--,--,
activemq-5.3.0.csv,STMB,--,--,--,--,--,--,--,
activemq-5.3.0.csv,KIAMB,0.85,0.62,0.6,0.61,0.22,0.79,0.73,0.71
activemq-5.3.0.csv,TIE_P,0.87,0.65,0.6,0.61,0.24,0.78,0.73,0.71
activemq-5.3.0.csv,Chi-Square1,0.8,0.59,0.64,0.6,0.23,0.77,0.73,0.72
activemq-5.3.0.csv,Chi-Square2,0.82,0.62,0.67,0.63,0.28,0.79,0.75,0.75
activemq-5.3.0.csv,Chi-Square3,0.84,0.61,0.62,0.61,0.23,0.76,0.73,0.72
activemq-5.3.0.csv,Chi-Square4,0.83,0.64,0.72,0.67,0.35,0.81,0.78,0.78
activemq-5.3.0.csv,Mutual-Info1,0.87,0.66,0.65,0.65,0.3,0.75,0.76,0.75
activemq-5.3.0.csv,Mutual-Info2,0.86,0.67,0.67,0.66,0.33,0.79,0.77,0.76
activemq-5.3.0.csv,Mutual-Info3,0.87,0.66,0.66,0.66,0.32,0.81,0.77,0.75
activemq-5.3.0.csv,Mutual-Info4,0.86,0.66,0.66,0.66,0.32,0.8,0.77,0.75
activemq-5.3.0.csv,Anova1,0.87,0.66,0.61,0.63,0.27,0.73,0.74,0.72
activemq-5.3.0.csv,Anova2,0.85,0.63,0.65,0.64,0.28,0.76,0.75,0.74
activemq-5.3.0.csv,Anova3,0.88,0.68,0.66,0.67,0.34,0.83,0.78,0.76
activemq-5.3.0.csv,Anova4,0.89,0.7,0.67,0.69,0.37,0.84,0.79,0.77
activemq-5.3.0.csv,DropCorrelated1,0.88,0.68,0.63,0.65,0.31,0.84,0.76,0.74
activemq-5.3.0.csv,DropCorrelated2,0.89,0.72,0.65,0.67,0.36,0.85,0.77,0.75
activemq-5.3.0.csv,DropCorrelated3,0.89,0.71,0.66,0.68,0.36,0.86,0.78,0.75
activemq-5.3.0.csv,DropCorrelated4,0.89,0.7,0.66,0.67,0.36,0.85,0.78,0.76
activemq-5.3.0.csv,SmartCorrelated1,0.89,0.71,0.65,0.67,0.36,0.84,0.78,0.75
activemq-5.3.0.csv,SmartCorrelated2,0.89,0.73,0.67,0.69,0.39,0.85,0.79,0.76
activemq-5.3.0.csv,SmartCorrelated3,0.9,0.74,0.67,0.7,0.4,0.86,0.79,0.77
activemq-5.3.0.csv,SmartCorrelated4,0.89,0.71,0.65,0.67,0.36,0.85,0.77,0.75
activemq-5.3.0.csv,RFE-Logistic1,0.85,0.62,0.62,0.62,0.24,0.67,0.74,0.72
activemq-5.3.0.csv,RFE-Logistic2,0.85,0.61,0.6,0.6,0.21,0.67,0.72,0.71
activemq-5.3.0.csv,RFE-Logistic3,0.87,0.66,0.66,0.66,0.33,0.78,0.77,0.76
activemq-5.3.0.csv,RFE-Logistic4,0.87,0.67,0.67,0.67,0.34,0.82,0.78,0.76
activemq-5.3.0.csv,Forward1,0.87,0.68,0.67,0.67,0.34,0.81,0.78,0.76
activemq-5.3.0.csv,Forward2,0.88,0.69,0.68,0.68,0.37,0.83,0.79,0.77
activemq-5.3.0.csv,Forward3,0.89,0.71,0.69,0.7,0.4,0.84,0.8,0.78
activemq-5.3.0.csv,Forward4,0.89,0.71,0.68,0.69,0.39,0.83,0.79,0.77
activemq-5.3.0.csv,RFE-Random1,0.89,0.5,0.5,0.48,0.02,0.48,0.67,0.65
activemq-5.3.0.csv,RFE-Random2,0.85,0.53,0.52,0.52,0.05,0.5,0.67,0.66
activemq-5.3.0.csv,RFE-Random3,0.88,0.68,0.64,0.65,0.31,0.79,0.76,0.74
activemq-5.3.0.csv,RFE-Random4,0.84,0.63,0.65,0.63,0.28,0.79,0.75,0.74
activemq-5.3.0.csv,Backward1,0.87,0.66,0.67,0.66,0.33,0.82,0.77,0.76
activemq-5.3.0.csv,Backward2,0.87,0.68,0.69,0.68,0.36,0.84,0.79,0.77
activemq-5.3.0.csv,Backward3,0.88,0.69,0.69,0.69,0.38,0.85,0.79,0.77
activemq-5.3.0.csv,Backward4,0.88,0.68,0.65,0.66,0.32,0.85,0.77,0.75
activemq-5.3.0.csv,Auto-Spearman,0.9,0.73,0.66,0.68,0.38,0.66,0.78,0.76
activemq-5.3.0.csv,ATE-FS,0.88,0.66,0.62,0.63,0.27,0.79,0.75,0.73
--------,--------,--------,--------,--------,--------,--------,--------,--------,--------
derby-10.3.1.4.csv,None,0.81,0.77,0.76,0.77,0.53,0.87,0.81,0.81
derby-10.3.1.4.csv,GSMB,0.7,0.64,0.62,0.63,0.26,0.71,0.7,0.7
derby-10.3.1.4.csv,IAMB,0.64,0.62,0.63,0.61,0.25,0.7,0.64,0.64
derby-10.3.1.4.csv,IAMBnPC,0.65,0.62,0.64,0.62,0.26,0.7,0.66,0.66
derby-10.3.1.4.csv,LRH,0.63,0.62,0.63,0.6,0.25,0.7,0.63,0.63
derby-10.3.1.4.csv,BAMB,0.7,0.65,0.65,0.65,0.29,0.71,0.71,0.7
derby-10.3.1.4.csv,FBEDk,0.64,0.62,0.64,0.61,0.26,0.7,0.64,0.64
derby-10.3.1.4.csv,MMMB,0.69,0.64,0.65,0.64,0.29,0.71,0.7,0.7
derby-10.3.1.4.csv,PCMB,--,--,--,--,--,--,--,
derby-10.3.1.4.csv,HITON_MB,0.69,0.64,0.64,0.64,0.28,0.71,0.7,0.7
derby-10.3.1.4.csv,MBOR,0.69,0.63,0.63,0.63,0.27,0.7,0.69,0.69
derby-10.3.1.4.csv,IPCMB,--,--,--,--,--,--,--,
derby-10.3.1.4.csv,STMB,0.65,0.62,0.64,0.62,0.26,0.7,0.66,0.66
derby-10.3.1.4.csv,KIAMB,0.69,0.64,0.64,0.64,0.27,0.71,0.7,0.7
derby-10.3.1.4.csv,TIE_P,0.71,0.66,0.64,0.64,0.3,0.72,0.72,0.72
derby-10.3.1.4.csv,Chi-Square1,0.71,0.66,0.67,0.67,0.34,0.73,0.71,0.71
derby-10.3.1.4.csv,Chi-Square2,0.74,0.7,0.71,0.7,0.41,0.79,0.75,0.75
derby-10.3.1.4.csv,Chi-Square3,0.74,0.7,0.71,0.71,0.42,0.79,0.75,0.75
derby-10.3.1.4.csv,Chi-Square4,0.76,0.71,0.72,0.72,0.44,0.8,0.76,0.76
derby-10.3.1.4.csv,Mutual-Info1,0.76,0.71,0.7,0.71,0.42,0.77,0.77,0.76
derby-10.3.1.4.csv,Mutual-Info2,0.77,0.73,0.7,0.71,0.43,0.79,0.78,0.77
derby-10.3.1.4.csv,Mutual-Info3,0.77,0.73,0.71,0.71,0.44,0.81,0.78,0.77
derby-10.3.1.4.csv,Mutual-Info4,0.79,0.75,0.73,0.74,0.48,0.82,0.79,0.79
derby-10.3.1.4.csv,Anova1,0.76,0.72,0.71,0.71,0.43,0.77,0.77,0.76
derby-10.3.1.4.csv,Anova2,0.78,0.75,0.72,0.73,0.47,0.82,0.79,0.79
derby-10.3.1.4.csv,Anova3,0.78,0.74,0.73,0.73,0.47,0.81,0.78,0.78
derby-10.3.1.4.csv,Anova4,0.8,0.76,0.74,0.75,0.5,0.84,0.8,0.8
derby-10.3.1.4.csv,DropCorrelated1,0.79,0.75,0.75,0.75,0.5,0.84,0.8,0.79
derby-10.3.1.4.csv,DropCorrelated2,0.81,0.78,0.76,0.77,0.54,0.86,0.82,0.81
derby-10.3.1.4.csv,DropCorrelated3,0.82,0.79,0.78,0.78,0.57,0.86,0.83,0.82
derby-10.3.1.4.csv,DropCorrelated4,0.82,0.79,0.78,0.78,0.57,0.87,0.83,0.82
derby-10.3.1.4.csv,SmartCorrelated1,0.81,0.77,0.77,0.77,0.54,0.85,0.82,0.81
derby-10.3.1.4.csv,SmartCorrelated2,0.81,0.77,0.76,0.77,0.54,0.86,0.82,0.81
derby-10.3.1.4.csv,SmartCorrelated3,0.82,0.78,0.77,0.78,0.56,0.86,0.82,0.82
derby-10.3.1.4.csv,SmartCorrelated4,0.81,0.78,0.77,0.78,0.56,0.86,0.82,0.82
derby-10.3.1.4.csv,RFE-Logistic1,0.71,0.65,0.56,0.55,0.2,0.61,0.7,0.69
derby-10.3.1.4.csv,RFE-Logistic2,0.77,0.72,0.72,0.72,0.44,0.77,0.78,0.77
derby-10.3.1.4.csv,RFE-Logistic3,0.75,0.71,0.69,0.7,0.4,0.77,0.76,0.76
derby-10.3.1.4.csv,RFE-Logistic4,0.75,0.7,0.7,0.7,0.4,0.78,0.76,0.75
derby-10.3.1.4.csv,Forward1,0.78,0.75,0.74,0.74,0.49,0.83,0.79,0.79
derby-10.3.1.4.csv,Forward2,0.8,0.77,0.76,0.76,0.53,0.85,0.81,0.81
derby-10.3.1.4.csv,Forward3,0.8,0.77,0.75,0.76,0.52,0.86,0.81,0.8
derby-10.3.1.4.csv,Forward4,0.81,0.77,0.76,0.76,0.53,0.86,0.81,0.81
derby-10.3.1.4.csv,RFE-Random1,0.71,0.65,0.55,0.53,0.17,0.57,0.7,0.68
derby-10.3.1.4.csv,RFE-Random2,0.72,0.67,0.65,0.65,0.31,0.73,0.73,0.73
derby-10.3.1.4.csv,RFE-Random3,0.71,0.66,0.65,0.66,0.31,0.74,0.72,0.72
derby-10.3.1.4.csv,RFE-Random4,0.74,0.69,0.68,0.68,0.37,0.77,0.75,0.75
derby-10.3.1.4.csv,Backward1,0.75,0.71,0.73,0.72,0.44,0.79,0.76,0.76
derby-10.3.1.4.csv,Backward2,0.75,0.71,0.72,0.71,0.43,0.79,0.76,0.76
derby-10.3.1.4.csv,Backward3,0.76,0.72,0.74,0.73,0.46,0.81,0.77,0.76
derby-10.3.1.4.csv,Backward4,0.76,0.72,0.73,0.73,0.45,0.81,0.77,0.76
derby-10.3.1.4.csv,Auto-Spearman,0.81,0.78,0.77,0.77,0.55,0.77,0.82,0.81
derby-10.3.1.4.csv,ATE-FS,0.8,0.77,0.74,0.75,0.51,0.83,0.81,0.8
--------,--------,--------,--------,--------,--------,--------,--------,--------,--------
activemq-5.2.0.csv,None,0.91,0.78,0.76,0.77,0.53,0.9,0.84,0.83
activemq-5.2.0.csv,GSMB,0.84,0.6,0.59,0.59,0.19,0.75,0.72,0.7
activemq-5.2.0.csv,IAMB,0.83,0.57,0.58,0.58,0.16,0.74,0.7,0.69
activemq-5.2.0.csv,IAMBnPC,0.79,0.56,0.59,0.57,0.15,0.71,0.69,0.69
activemq-5.2.0.csv,LRH,0.81,0.57,0.59,0.58,0.16,0.73,0.7,0.7
activemq-5.2.0.csv,BAMB,--,--,--,--,--,--,--,
activemq-5.2.0.csv,FBEDk,0.83,0.58,0.6,0.58,0.18,0.73,0.71,0.7
activemq-5.2.0.csv,MMMB,--,--,--,--,--,--,--,
activemq-5.2.0.csv,PCMB,0.81,0.54,0.54,0.53,0.07,0.67,0.67,0.66
activemq-5.2.0.csv,HITON_MB,0.81,0.58,0.6,0.58,0.18,0.7,0.71,0.7
activemq-5.2.0.csv,MBOR,--,--,--,--,--,--,--,
activemq-5.2.0.csv,IPCMB,--,--,--,--,--,--,--,
activemq-5.2.0.csv,STMB,--,--,--,--,--,--,--,
activemq-5.2.0.csv,KIAMB,0.84,0.57,0.56,0.56,0.13,0.74,0.69,0.68
activemq-5.2.0.csv,TIE_P,0.82,0.57,0.57,0.57,0.14,0.73,0.7,0.69
activemq-5.2.0.csv,Chi-Square1,0.82,0.6,0.63,0.61,0.22,0.76,0.73,0.72
activemq-5.2.0.csv,Chi-Square2,0.83,0.61,0.63,0.62,0.24,0.77,0.74,0.73
activemq-5.2.0.csv,Chi-Square3,0.83,0.61,0.64,0.62,0.24,0.78,0.74,0.73
activemq-5.2.0.csv,Chi-Square4,0.84,0.62,0.66,0.64,0.28,0.78,0.76,0.75
activemq-5.2.0.csv,Mutual-Info1,0.86,0.64,0.65,0.64,0.29,0.79,0.76,0.75
activemq-5.2.0.csv,Mutual-Info2,0.86,0.65,0.66,0.66,0.32,0.81,0.77,0.75
activemq-5.2.0.csv,Mutual-Info3,0.87,0.66,0.68,0.67,0.34,0.81,0.78,0.77
activemq-5.2.0.csv,Mutual-Info4,0.87,0.67,0.7,0.68,0.36,0.83,0.79,0.78
activemq-5.2.0.csv,Anova1,0.91,0.77,0.78,0.78,0.55,0.79,0.86,0.84
activemq-5.2.0.csv,Anova2,0.91,0.76,0.73,0.74,0.48,0.85,0.83,0.8
activemq-5.2.0.csv,Anova3,0.9,0.73,0.76,0.74,0.49,0.88,0.83,0.82
activemq-5.2.0.csv,Anova4,0.9,0.74,0.72,0.73,0.46,0.87,0.82,0.8
activemq-5.2.0.csv,DropCorrelated1,0.91,0.77,0.73,0.75,0.5,0.87,0.83,0.81
activemq-5.2.0.csv,DropCorrelated2,0.91,0.77,0.78,0.77,0.55,0.88,0.85,0.84
activemq-5.2.0.csv,DropCorrelated3,0.92,0.78,0.77,0.77,0.55,0.9,0.85,0.83
activemq-5.2.0.csv,DropCorrelated4,0.91,0.78,0.73,0.75,0.51,0.9,0.83,0.81
activemq-5.2.0.csv,SmartCorrelated1,0.92,0.79,0.75,0.77,0.54,0.88,0.84,0.82
activemq-5.2.0.csv,SmartCorrelated2,0.91,0.79,0.71,0.74,0.49,0.84,0.82,0.79
activemq-5.2.0.csv,SmartCorrelated3,0.92,0.79,0.76,0.77,0.55,0.91,0.85,0.83
activemq-5.2.0.csv,SmartCorrelated4,0.91,0.76,0.71,0.73,0.47,0.88,0.82,0.79
activemq-5.2.0.csv,RFE-Logistic1,0.8,0.59,0.64,0.6,0.23,0.67,0.73,0.72
activemq-5.2.0.csv,RFE-Logistic2,0.86,0.63,0.64,0.63,0.27,0.77,0.75,0.74
activemq-5.2.0.csv,RFE-Logistic3,0.9,0.74,0.76,0.75,0.5,0.88,0.84,0.83
activemq-5.2.0.csv,RFE-Logistic4,0.87,0.66,0.65,0.65,0.31,0.8,0.76,0.75
activemq-5.2.0.csv,Forward1,0.91,0.76,0.75,0.75,0.51,0.86,0.84,0.82
activemq-5.2.0.csv,Forward2,0.9,0.74,0.74,0.74,0.48,0.85,0.83,0.81
activemq-5.2.0.csv,Forward3,0.9,0.75,0.74,0.74,0.49,0.86,0.83,0.81
activemq-5.2.0.csv,Forward4,0.9,0.74,0.72,0.73,0.46,0.84,0.82,0.8
activemq-5.2.0.csv,RFE-Random1,0.83,0.58,0.58,0.58,0.16,0.73,0.71,0.7
activemq-5.2.0.csv,RFE-Random2,0.85,0.62,0.64,0.63,0.26,0.76,0.75,0.74
activemq-5.2.0.csv,RFE-Random3,0.86,0.63,0.61,0.61,0.24,0.77,0.74,0.72
activemq-5.2.0.csv,RFE-Random4,0.88,0.68,0.65,0.66,0.33,0.82,0.77,0.75
activemq-5.2.0.csv,Backward1,0.89,0.72,0.74,0.73,0.46,0.87,0.82,0.81
activemq-5.2.0.csv,Backward2,0.9,0.73,0.75,0.74,0.48,0.87,0.83,0.82
activemq-5.2.0.csv,Backward3,0.9,0.75,0.75,0.75,0.51,0.89,0.84,0.82
activemq-5.2.0.csv,Backward4,0.9,0.73,0.74,0.74,0.47,0.88,0.83,0.81
activemq-5.2.0.csv,Auto-Spearman,0.91,0.77,0.69,0.72,0.46,0.69,0.81,0.78
activemq-5.2.0.csv,ATE-FS,0.91,0.78,0.72,0.75,0.5,0.85,0.83,0.8
--------,--------,--------,--------,--------,--------,--------,--------,--------,--------
hive-0.12.0.csv,None,0.93,0.78,0.7,0.73,0.48,0.9,0.82,0.79
hive-0.12.0.csv,GSMB,0.78,0.54,0.59,0.54,0.12,0.7,0.68,0.68
hive-0.12.0.csv,IAMB,0.77,0.55,0.61,0.54,0.14,0.72,0.69,0.69
hive-0.12.0.csv,IAMBnPC,0.77,0.56,0.64,0.56,0.18,0.7,0.71,0.71
hive-0.12.0.csv,LRH,0.82,0.55,0.59,0.56,0.14,0.72,0.7,0.69
hive-0.12.0.csv,BAMB,0.7,0.55,0.64,0.52,0.16,0.71,0.67,0.67
hive-0.12.0.csv,FBEDk,0.82,0.55,0.59,0.56,0.14,0.73,0.7,0.7
hive-0.12.0.csv,MMMB,0.79,0.54,0.59,0.54,0.12,0.7,0.68,0.68
hive-0.12.0.csv,PCMB,0.9,0.55,0.52,0.52,0.06,0.6,0.68,0.66
hive-0.12.0.csv,HITON_MB,--,--,--,--,--,--,--,
hive-0.12.0.csv,MBOR,0.79,0.55,0.6,0.55,0.14,0.7,0.69,0.69
hive-0.12.0.csv,IPCMB,--,--,--,--,--,--,--,
hive-0.12.0.csv,STMB,0.77,0.56,0.64,0.56,0.18,0.71,0.71,0.7
hive-0.12.0.csv,KIAMB,0.79,0.55,0.6,0.55,0.14,0.7,0.69,0.69
hive-0.12.0.csv,TIE_P,0.85,0.58,0.61,0.59,0.18,0.74,0.72,0.71
hive-0.12.0.csv,Chi-Square1,0.85,0.61,0.69,0.63,0.28,0.82,0.77,0.76
hive-0.12.0.csv,Chi-Square2,0.8,0.6,0.73,0.61,0.3,0.83,0.77,0.77
hive-0.12.0.csv,Chi-Square3,0.81,0.6,0.72,0.61,0.29,0.83,0.77,0.76
hive-0.12.0.csv,Chi-Square4,0.88,0.63,0.68,0.65,0.31,0.84,0.78,0.77
hive-0.12.0.csv,Mutual-Info1,0.89,0.65,0.67,0.66,0.32,0.82,0.78,0.76
hive-0.12.0.csv,Mutual-Info2,0.89,0.65,0.67,0.66,0.32,0.85,0.78,0.76
hive-0.12.0.csv,Mutual-Info3,0.9,0.68,0.68,0.68,0.36,0.87,0.79,0.77
hive-0.12.0.csv,Mutual-Info4,0.86,0.64,0.74,0.66,0.36,0.87,0.8,0.8
hive-0.12.0.csv,Anova1,0.87,0.63,0.64,0.62,0.26,0.82,0.75,0.74
hive-0.12.0.csv,Anova2,0.87,0.64,0.7,0.66,0.33,0.84,0.79,0.78
hive-0.12.0.csv,Anova3,0.9,0.66,0.67,0.67,0.34,0.85,0.78,0.77
hive-0.12.0.csv,Anova4,0.92,0.71,0.68,0.69,0.39,0.88,0.8,0.77
hive-0.12.0.csv,DropCorrelated1,0.92,0.7,0.64,0.66,0.33,0.86,0.77,0.75
hive-0.12.0.csv,DropCorrelated2,0.92,0.71,0.67,0.68,0.37,0.86,0.79,0.76
hive-0.12.0.csv,DropCorrelated3,0.93,0.75,0.69,0.71,0.44,0.9,0.81,0.78
hive-0.12.0.csv,DropCorrelated4,0.91,0.71,0.75,0.72,0.45,0.9,0.83,0.82
hive-0.12.0.csv,SmartCorrelated1,0.92,0.71,0.65,0.67,0.36,0.85,0.78,0.75
hive-0.12.0.csv,SmartCorrelated2,0.93,0.76,0.67,0.7,0.42,0.87,0.8,0.77
hive-0.12.0.csv,SmartCorrelated3,0.92,0.73,0.66,0.68,0.38,0.88,0.78,0.76
hive-0.12.0.csv,SmartCorrelated4,0.92,0.73,0.67,0.69,0.39,0.88,0.79,0.77
hive-0.12.0.csv,RFE-Logistic1,0.82,0.57,0.62,0.57,0.18,0.7,0.72,0.71
hive-0.12.0.csv,RFE-Logistic2,0.88,0.56,0.54,0.55,0.1,0.62,0.69,0.67
hive-0.12.0.csv,RFE-Logistic3,0.83,0.59,0.66,0.6,0.24,0.76,0.75,0.74
hive-0.12.0.csv,RFE-Logistic4,0.9,0.64,0.63,0.64,0.27,0.77,0.76,0.74
hive-0.12.0.csv,Forward1,0.83,0.62,0.75,0.64,0.35,0.85,0.8,0.79
hive-0.12.0.csv,Forward2,0.89,0.65,0.67,0.66,0.32,0.84,0.78,0.76
hive-0.12.0.csv,Forward3,0.9,0.68,0.69,0.68,0.37,0.86,0.8,0.78
hive-0.12.0.csv,Forward4,0.91,0.7,0.7,0.7,0.4,0.87,0.81,0.79
hive-0.12.0.csv,RFE-Random1,0.92,0.56,0.5,0.49,0.04,0.54,0.67,0.65
hive-0.12.0.csv,RFE-Random2,0.91,0.51,0.5,0.49,0.02,0.54,0.67,0.65
hive-0.12.0.csv,RFE-Random3,0.89,0.58,0.55,0.56,0.13,0.66,0.7,0.68
hive-0.12.0.csv,RFE-Random4,0.89,0.57,0.55,0.56,0.12,0.71,0.7,0.68
hive-0.12.0.csv,Backward1,0.89,0.66,0.7,0.67,0.35,0.85,0.79,0.78
hive-0.12.0.csv,Backward2,0.89,0.66,0.68,0.66,0.33,0.85,0.78,0.77
hive-0.12.0.csv,Backward3,0.91,0.7,0.68,0.69,0.38,0.86,0.79,0.77
hive-0.12.0.csv,Backward4,0.9,0.68,0.68,0.68,0.36,0.87,0.79,0.77
hive-0.12.0.csv,Auto-Spearman,0.93,0.76,0.68,0.71,0.43,0.68,0.8,0.77
hive-0.12.0.csv,ATE-FS,0.87,0.6,0.63,0.61,0.23,0.82,0.74,0.73
--------,--------,--------,--------,--------,--------,--------,--------,--------,--------
camel-2.10.0.csv,None,0.97,0.7,0.62,0.64,0.3,0.87,0.76,0.73
camel-2.10.0.csv,GSMB,0.95,0.57,0.58,0.57,0.15,0.76,0.73,0.7
camel-2.10.0.csv,IAMB,0.95,0.56,0.57,0.57,0.13,0.76,0.72,0.7
camel-2.10.0.csv,IAMBnPC,0.94,0.54,0.57,0.55,0.11,0.74,0.71,0.69
camel-2.10.0.csv,LRH,0.95,0.56,0.57,0.56,0.12,0.76,0.72,0.69
camel-2.10.0.csv,BAMB,--,--,--,--,--,--,--,
camel-2.10.0.csv,FBEDk,0.94,0.55,0.56,0.55,0.11,0.73,0.71,0.69
camel-2.10.0.csv,MMMB,--,--,--,--,--,--,--,
camel-2.10.0.csv,PCMB,0.93,0.54,0.58,0.55,0.11,0.74,0.72,0.7
camel-2.10.0.csv,HITON_MB,0.91,0.55,0.63,0.57,0.16,0.78,0.75,0.73
camel-2.10.0.csv,MBOR,--,--,--,--,--,--,--,
camel-2.10.0.csv,IPCMB,--,--,--,--,--,--,--,
camel-2.10.0.csv,STMB,--,--,--,--,--,--,--,
camel-2.10.0.csv,KIAMB,0.94,0.56,0.58,0.56,0.13,0.72,0.72,0.7
camel-2.10.0.csv,TIE_P,0.96,0.59,0.54,0.55,0.12,0.77,0.7,0.68
camel-2.10.0.csv,Chi-Square1,0.94,0.6,0.69,0.62,0.27,0.81,0.8,0.78
camel-2.10.0.csv,Chi-Square2,0.94,0.59,0.68,0.62,0.26,0.81,0.79,0.77
camel-2.10.0.csv,Chi-Square3,0.94,0.6,0.67,0.62,0.26,0.78,0.79,0.77
camel-2.10.0.csv,Chi-Square4,0.95,0.61,0.67,0.63,0.27,0.84,0.79,0.77
camel-2.10.0.csv,Mutual-Info1,0.93,0.57,0.65,0.6,0.21,0.81,0.77,0.75
camel-2.10.0.csv,Mutual-Info2,0.94,0.59,0.65,0.61,0.23,0.81,0.77,0.75
camel-2.10.0.csv,Mutual-Info3,0.94,0.59,0.65,0.61,0.24,0.81,0.78,0.75
camel-2.10.0.csv,Mutual-Info4,0.95,0.61,0.67,0.63,0.27,0.82,0.79,0.77
camel-2.10.0.csv,Anova1,0.97,0.66,0.57,0.59,0.2,0.61,0.72,0.69
camel-2.10.0.csv,Anova2,0.96,0.61,0.57,0.58,0.17,0.64,0.72,0.69
camel-2.10.0.csv,Anova3,0.96,0.6,0.59,0.59,0.19,0.68,0.74,0.71
camel-2.10.0.csv,Anova4,0.96,0.61,0.59,0.6,0.2,0.75,0.74,0.71
camel-2.10.0.csv,DropCorrelated1,0.97,0.65,0.59,0.61,0.23,0.86,0.73,0.71
camel-2.10.0.csv,DropCorrelated2,0.97,0.67,0.58,0.61,0.24,0.86,0.73,0.71
camel-2.10.0.csv,DropCorrelated3,0.97,0.68,0.62,0.64,0.29,0.87,0.76,0.73
camel-2.10.0.csv,DropCorrelated4,0.97,0.68,0.61,0.63,0.28,0.87,0.75,0.72
camel-2.10.0.csv,SmartCorrelated1,0.97,0.68,0.59,0.62,0.25,0.86,0.74,0.71
camel-2.10.0.csv,SmartCorrelated2,0.95,0.62,0.66,0.63,0.28,0.86,0.79,0.76
camel-2.10.0.csv,SmartCorrelated3,0.97,0.67,0.6,0.63,0.27,0.86,0.75,0.72
camel-2.10.0.csv,SmartCorrelated4,0.96,0.66,0.6,0.62,0.25,0.87,0.75,0.72
camel-2.10.0.csv,RFE-Logistic1,0.94,0.58,0.63,0.6,0.21,0.77,0.76,0.74
camel-2.10.0.csv,RFE-Logistic2,0.91,0.57,0.72,0.6,0.25,0.83,0.81,0.79
camel-2.10.0.csv,RFE-Logistic3,0.95,0.61,0.64,0.62,0.24,0.83,0.77,0.74
camel-2.10.0.csv,RFE-Logistic4,0.95,0.6,0.64,0.62,0.24,0.84,0.77,0.74
camel-2.10.0.csv,Forward1,0.96,0.62,0.61,0.61,0.22,0.81,0.75,0.72
camel-2.10.0.csv,Forward2,0.95,0.6,0.61,0.6,0.21,0.82,0.75,0.72
camel-2.10.0.csv,Forward3,0.96,0.6,0.6,0.6,0.2,0.81,0.74,0.71
camel-2.10.0.csv,Forward4,0.96,0.63,0.62,0.62,0.25,0.83,0.76,0.73
camel-2.10.0.csv,RFE-Random1,0.97,0.49,0.5,0.49,0,0.47,0.67,0.65
camel-2.10.0.csv,RFE-Random2,0.96,0.52,0.51,0.51,0.03,0.47,0.67,0.65
camel-2.10.0.csv,RFE-Random3,0.96,0.62,0.61,0.61,0.23,0.81,0.75,0.72
camel-2.10.0.csv,RFE-Random4,0.96,0.66,0.63,0.64,0.28,0.83,0.77,0.74
camel-2.10.0.csv,Backward1,0.96,0.62,0.59,0.6,0.21,0.77,0.74,0.71
camel-2.10.0.csv,Backward2,0.96,0.65,0.61,0.63,0.26,0.82,0.75,0.73
camel-2.10.0.csv,Backward3,0.96,0.65,0.62,0.63,0.26,0.83,0.76,0.73
camel-2.10.0.csv,Backward4,0.96,0.66,0.62,0.63,0.27,0.84,0.76,0.73
camel-2.10.0.csv,Auto-Spearman,0.97,0.73,0.6,0.64,0.3,0.6,0.75,0.72
camel-2.10.0.csv,ATE-FS,0.96,0.63,0.59,0.6,0.22,0.73,0.74,0.71
--------,--------,--------,--------,--------,--------,--------,--------,--------,--------
derby-10.2.1.6.csv,None,0.83,0.81,0.8,0.8,0.61,0.88,0.84,0.83
derby-10.2.1.6.csv,GSMB,0.81,0.79,0.78,0.78,0.56,0.83,0.82,0.82
derby-10.2.1.6.csv,IAMB,0.81,0.79,0.77,0.78,0.56,0.82,0.82,0.82
derby-10.2.1.6.csv,IAMBnPC,0.81,0.79,0.78,0.79,0.57,0.81,0.83,0.82
derby-10.2.1.6.csv,LRH,0.8,0.78,0.76,0.77,0.55,0.81,0.82,0.81
derby-10.2.1.6.csv,BAMB,0.81,0.79,0.78,0.79,0.57,0.82,0.82,0.82
derby-10.2.1.6.csv,FBEDk,0.81,0.79,0.78,0.78,0.57,0.84,0.82,0.82
derby-10.2.1.6.csv,MMMB,0.81,0.79,0.78,0.78,0.57,0.81,0.82,0.82
derby-10.2.1.6.csv,PCMB,0.81,0.79,0.78,0.79,0.57,0.8,0.82,0.82
derby-10.2.1.6.csv,HITON_MB,0.81,0.79,0.78,0.79,0.57,0.82,0.82,0.82
derby-10.2.1.6.csv,MBOR,0.81,0.79,0.78,0.78,0.57,0.81,0.82,0.82
derby-10.2.1.6.csv,IPCMB,0.81,0.79,0.78,0.78,0.57,0.79,0.82,0.82
derby-10.2.1.6.csv,STMB,0.81,0.79,0.78,0.79,0.57,0.82,0.83,0.82
derby-10.2.1.6.csv,KIAMB,0.8,0.78,0.77,0.77,0.55,0.82,0.82,0.81
derby-10.2.1.6.csv,TIE_P,0.8,0.78,0.77,0.78,0.55,0.82,0.82,0.81
derby-10.2.1.6.csv,Chi-Square1,0.68,0.65,0.65,0.65,0.3,0.72,0.69,0.69
derby-10.2.1.6.csv,Chi-Square2,0.8,0.78,0.78,0.78,0.56,0.85,0.81,0.81
derby-10.2.1.6.csv,Chi-Square3,0.8,0.77,0.78,0.78,0.55,0.85,0.81,0.81
derby-10.2.1.6.csv,Chi-Square4,0.8,0.78,0.78,0.78,0.56,0.85,0.81,0.81
derby-10.2.1.6.csv,Mutual-Info1,0.81,0.79,0.79,0.79,0.58,0.81,0.82,0.82
derby-10.2.1.6.csv,Mutual-Info2,0.81,0.79,0.78,0.78,0.56,0.82,0.82,0.82
derby-10.2.1.6.csv,Mutual-Info3,0.81,0.79,0.78,0.78,0.57,0.86,0.83,0.82
derby-10.2.1.6.csv,Mutual-Info4,0.81,0.79,0.79,0.79,0.58,0.86,0.82,0.82
derby-10.2.1.6.csv,Anova1,0.81,0.79,0.79,0.79,0.58,0.84,0.83,0.82
derby-10.2.1.6.csv,Anova2,0.81,0.79,0.8,0.79,0.59,0.86,0.82,0.82
derby-10.2.1.6.csv,Anova3,0.82,0.79,0.8,0.79,0.59,0.87,0.82,0.82
derby-10.2.1.6.csv,Anova4,0.81,0.8,0.79,0.79,0.58,0.86,0.83,0.82
derby-10.2.1.6.csv,DropCorrelated1,0.82,0.8,0.79,0.79,0.58,0.86,0.83,0.82
derby-10.2.1.6.csv,DropCorrelated2,0.82,0.8,0.79,0.79,0.59,0.87,0.83,0.83
derby-10.2.1.6.csv,DropCorrelated3,0.82,0.8,0.79,0.8,0.6,0.88,0.83,0.83
derby-10.2.1.6.csv,DropCorrelated4,0.82,0.79,0.79,0.79,0.58,0.88,0.83,0.82
derby-10.2.1.6.csv,SmartCorrelated1,0.81,0.79,0.78,0.79,0.58,0.87,0.82,0.82
derby-10.2.1.6.csv,SmartCorrelated2,0.81,0.79,0.78,0.79,0.57,0.88,0.82,0.82
derby-10.2.1.6.csv,SmartCorrelated3,0.82,0.8,0.79,0.8,0.6,0.88,0.83,0.83
derby-10.2.1.6.csv,SmartCorrelated4,0.83,0.81,0.8,0.8,0.61,0.88,0.84,0.84
derby-10.2.1.6.csv,RFE-Logistic1,0.68,0.64,0.55,0.52,0.16,0.59,0.69,0.68
derby-10.2.1.6.csv,RFE-Logistic2,0.68,0.63,0.6,0.6,0.23,0.65,0.7,0.7
derby-10.2.1.6.csv,RFE-Logistic3,0.69,0.64,0.62,0.62,0.26,0.67,0.71,0.71
derby-10.2.1.6.csv,RFE-Logistic4,0.71,0.67,0.65,0.66,0.32,0.73,0.73,0.72
derby-10.2.1.6.csv,Forward1,0.82,0.8,0.8,0.8,0.6,0.86,0.83,0.83
derby-10.2.1.6.csv,Forward2,0.79,0.76,0.76,0.76,0.53,0.83,0.8,0.8
derby-10.2.1.6.csv,Forward3,0.81,0.79,0.79,0.79,0.58,0.85,0.82,0.82
derby-10.2.1.6.csv,Forward4,0.81,0.79,0.79,0.79,0.58,0.85,0.82,0.82
derby-10.2.1.6.csv,RFE-Random1,0.67,0.64,0.53,0.48,0.13,0.54,0.68,0.67
derby-10.2.1.6.csv,RFE-Random2,0.66,0.63,0.63,0.63,0.26,0.65,0.68,0.68
derby-10.2.1.6.csv,RFE-Random3,0.75,0.73,0.71,0.72,0.44,0.76,0.77,0.77
derby-10.2.1.6.csv,RFE-Random4,0.74,0.71,0.7,0.7,0.4,0.76,0.75,0.75
derby-10.2.1.6.csv,Backward1,0.82,0.8,0.8,0.8,0.6,0.86,0.83,0.83
derby-10.2.1.6.csv,Backward2,0.8,0.78,0.78,0.78,0.56,0.85,0.82,0.81
derby-10.2.1.6.csv,Backward3,0.81,0.79,0.78,0.79,0.57,0.85,0.82,0.82
derby-10.2.1.6.csv,Backward4,0.82,0.8,0.8,0.8,0.6,0.87,0.83,0.83
derby-10.2.1.6.csv,Auto-Spearman,0.82,0.81,0.8,0.8,0.6,0.8,0.84,0.83
derby-10.2.1.6.csv,ATE-FS,0.82,0.8,0.79,0.79,0.58,0.85,0.83,0.82
--------,--------,--------,--------,--------,--------,--------,--------,--------,--------
hbase-0.95.0.csv,None,0.79,0.71,0.74,0.72,0.45,0.81,0.78,0.78
hbase-0.95.0.csv,GSMB,0.74,0.63,0.62,0.62,0.25,0.67,0.71,0.71
hbase-0.95.0.csv,IAMB,0.75,0.64,0.63,0.63,0.26,0.69,0.72,0.72
hbase-0.95.0.csv,IAMBnPC,0.69,0.6,0.62,0.61,0.22,0.66,0.68,0.68
hbase-0.95.0.csv,LRH,0.74,0.63,0.63,0.63,0.26,0.68,0.72,0.71
hbase-0.95.0.csv,BAMB,0.73,0.62,0.62,0.62,0.23,0.69,0.71,0.7
hbase-0.95.0.csv,FBEDk,0.75,0.64,0.62,0.63,0.26,0.69,0.72,0.72
hbase-0.95.0.csv,MMMB,0.68,0.59,0.61,0.6,0.2,0.67,0.67,0.67
hbase-0.95.0.csv,PCMB,--,--,--,--,--,--,--,
hbase-0.95.0.csv,HITON_MB,0.74,0.63,0.63,0.63,0.26,0.69,0.71,0.71
hbase-0.95.0.csv,MBOR,0.74,0.63,0.62,0.62,0.25,0.69,0.71,0.71
hbase-0.95.0.csv,IPCMB,--,--,--,--,--,--,--,
hbase-0.95.0.csv,STMB,0.76,0.66,0.63,0.64,0.29,0.69,0.73,0.72
hbase-0.95.0.csv,KIAMB,0.75,0.65,0.63,0.63,0.28,0.69,0.73,0.72
hbase-0.95.0.csv,TIE_P,0.76,0.66,0.64,0.64,0.29,0.7,0.73,0.73
hbase-0.95.0.csv,Chi-Square1,0.72,0.62,0.63,0.62,0.25,0.71,0.7,0.7
hbase-0.95.0.csv,Chi-Square2,0.72,0.65,0.69,0.66,0.33,0.75,0.72,0.72
hbase-0.95.0.csv,Chi-Square3,0.74,0.66,0.69,0.67,0.34,0.77,0.73,0.73
hbase-0.95.0.csv,Chi-Square4,0.75,0.68,0.71,0.69,0.39,0.79,0.75,0.75
hbase-0.95.0.csv,Mutual-Info1,0.78,0.69,0.7,0.7,0.39,0.78,0.77,0.76
hbase-0.95.0.csv,Mutual-Info2,0.78,0.7,0.7,0.7,0.4,0.79,0.77,0.76
hbase-0.95.0.csv,Mutual-Info3,0.8,0.72,0.7,0.7,0.41,0.8,0.78,0.77
hbase-0.95.0.csv,Mutual-Info4,0.79,0.71,0.69,0.69,0.39,0.8,0.77,0.76
hbase-0.95.0.csv,Anova1,0.8,0.71,0.64,0.66,0.34,0.73,0.76,0.74
hbase-0.95.0.csv,Anova2,0.78,0.69,0.67,0.68,0.36,0.77,0.76,0.75
hbase-0.95.0.csv,Anova3,0.78,0.69,0.68,0.68,0.37,0.8,0.76,0.75
hbase-0.95.0.csv,Anova4,0.82,0.75,0.72,0.73,0.47,0.83,0.8,0.79
hbase-0.95.0.csv,DropCorrelated1,0.81,0.74,0.72,0.73,0.46,0.82,0.8,0.79
hbase-0.95.0.csv,DropCorrelated2,0.81,0.73,0.71,0.72,0.45,0.82,0.79,0.78
hbase-0.95.0.csv,DropCorrelated3,0.82,0.75,0.74,0.74,0.49,0.84,0.81,0.8
hbase-0.95.0.csv,DropCorrelated4,0.83,0.76,0.74,0.75,0.5,0.84,0.81,0.8
hbase-0.95.0.csv,SmartCorrelated1,0.82,0.74,0.74,0.74,0.48,0.83,0.8,0.8
hbase-0.95.0.csv,SmartCorrelated2,0.82,0.74,0.72,0.73,0.47,0.83,0.8,0.79
hbase-0.95.0.csv,SmartCorrelated3,0.82,0.74,0.74,0.74,0.48,0.83,0.8,0.8
hbase-0.95.0.csv,SmartCorrelated4,0.83,0.76,0.74,0.75,0.5,0.84,0.81,0.8
hbase-0.95.0.csv,RFE-Logistic1,0.71,0.62,0.64,0.62,0.26,0.72,0.7,0.69
hbase-0.95.0.csv,RFE-Logistic2,0.76,0.67,0.67,0.66,0.33,0.77,0.74,0.74
hbase-0.95.0.csv,RFE-Logistic3,0.73,0.64,0.65,0.64,0.29,0.75,0.72,0.72
hbase-0.95.0.csv,RFE-Logistic4,0.78,0.69,0.7,0.69,0.39,0.8,0.77,0.76
hbase-0.95.0.csv,Forward1,0.75,0.66,0.68,0.67,0.35,0.77,0.74,0.74
hbase-0.95.0.csv,Forward2,0.74,0.63,0.64,0.63,0.27,0.71,0.72,0.72
hbase-0.95.0.csv,Forward3,0.76,0.67,0.69,0.68,0.36,0.78,0.75,0.75
hbase-0.95.0.csv,Forward4,0.78,0.68,0.67,0.68,0.36,0.78,0.76,0.75
hbase-0.95.0.csv,RFE-Random1,0.74,0.59,0.54,0.54,0.11,0.57,0.68,0.67
hbase-0.95.0.csv,RFE-Random2,0.75,0.64,0.62,0.63,0.26,0.72,0.72,0.71
hbase-0.95.0.csv,RFE-Random3,0.78,0.67,0.64,0.65,0.31,0.73,0.74,0.73
hbase-0.95.0.csv,RFE-Random4,0.79,0.71,0.7,0.7,0.4,0.77,0.78,0.77
hbase-0.95.0.csv,Backward1,0.78,0.69,0.69,0.69,0.38,0.77,0.76,0.76
hbase-0.95.0.csv,Backward2,0.79,0.7,0.7,0.7,0.4,0.81,0.77,0.77
hbase-0.95.0.csv,Backward3,0.8,0.72,0.71,0.72,0.43,0.81,0.79,0.78
hbase-0.95.0.csv,Backward4,0.82,0.74,0.73,0.73,0.47,0.82,0.8,0.79
hbase-0.95.0.csv,Auto-Spearman,0.84,0.77,0.75,0.76,0.53,0.75,0.82,0.81
hbase-0.95.0.csv,ATE-FS,0.8,0.71,0.66,0.67,0.36,0.76,0.76,0.75
--------,--------,--------,--------,--------,--------,--------,--------,--------,--------
hive-0.10.0.csv,None,0.91,0.77,0.75,0.76,0.53,0.88,0.84,0.82
hive-0.10.0.csv,GSMB,0.8,0.62,0.69,0.63,0.3,0.79,0.75,0.75
hive-0.10.0.csv,IAMB,0.8,0.62,0.69,0.63,0.3,0.79,0.76,0.75
hive-0.10.0.csv,IAMBnPC,0.78,0.62,0.72,0.63,0.32,0.79,0.76,0.76
hive-0.10.0.csv,LRH,0.81,0.6,0.65,0.61,0.25,0.79,0.74,0.73
hive-0.10.0.csv,BAMB,0.8,0.61,0.68,0.62,0.28,0.79,0.75,0.74
hive-0.10.0.csv,FBEDk,0.8,0.6,0.65,0.61,0.24,0.79,0.73,0.73
hive-0.10.0.csv,MMMB,0.79,0.61,0.69,0.62,0.29,0.78,0.75,0.74
hive-0.10.0.csv,PCMB,0.62,0.57,0.67,0.52,0.22,0.72,0.64,0.64
hive-0.10.0.csv,HITON_MB,0.78,0.61,0.71,0.63,0.31,0.79,0.75,0.75
hive-0.10.0.csv,MBOR,0.8,0.6,0.66,0.62,0.26,0.79,0.74,0.73
hive-0.10.0.csv,IPCMB,0.61,0.57,0.67,0.52,0.22,0.71,0.63,0.63
hive-0.10.0.csv,STMB,0.81,0.6,0.64,0.61,0.24,0.77,0.73,0.73
hive-0.10.0.csv,KIAMB,0.82,0.61,0.66,0.63,0.27,0.78,0.75,0.74
hive-0.10.0.csv,TIE_P,0.84,0.62,0.64,0.63,0.26,0.79,0.75,0.74
hive-0.10.0.csv,Chi-Square1,0.8,0.6,0.66,0.62,0.26,0.77,0.74,0.74
hive-0.10.0.csv,Chi-Square2,0.82,0.63,0.69,0.65,0.32,0.8,0.77,0.76
hive-0.10.0.csv,Chi-Square3,0.84,0.65,0.7,0.67,0.35,0.81,0.78,0.77
hive-0.10.0.csv,Chi-Square4,0.83,0.63,0.67,0.64,0.3,0.81,0.76,0.75
hive-0.10.0.csv,Mutual-Info1,0.9,0.75,0.74,0.74,0.49,0.85,0.83,0.81
hive-0.10.0.csv,Mutual-Info2,0.9,0.76,0.73,0.74,0.49,0.86,0.82,0.8
hive-0.10.0.csv,Mutual-Info3,0.9,0.77,0.74,0.75,0.51,0.85,0.83,0.81
hive-0.10.0.csv,Mutual-Info4,0.9,0.75,0.76,0.76,0.52,0.87,0.84,0.83
hive-0.10.0.csv,Anova1,0.89,0.72,0.71,0.72,0.44,0.84,0.81,0.79
hive-0.10.0.csv,Anova2,0.88,0.7,0.68,0.69,0.38,0.79,0.79,0.77
hive-0.10.0.csv,Anova3,0.88,0.69,0.67,0.68,0.36,0.84,0.78,0.76
hive-0.10.0.csv,Anova4,0.89,0.73,0.69,0.7,0.41,0.84,0.8,0.78
hive-0.10.0.csv,DropCorrelated1,0.89,0.73,0.71,0.72,0.44,0.85,0.81,0.79
hive-0.10.0.csv,DropCorrelated2,0.89,0.74,0.7,0.71,0.44,0.86,0.81,0.78
hive-0.10.0.csv,DropCorrelated3,0.89,0.73,0.69,0.7,0.41,0.85,0.79,0.77
hive-0.10.0.csv,DropCorrelated4,0.91,0.79,0.73,0.75,0.51,0.87,0.83,0.81
hive-0.10.0.csv,SmartCorrelated1,0.87,0.69,0.68,0.68,0.37,0.84,0.79,0.77
hive-0.10.0.csv,SmartCorrelated2,0.9,0.75,0.7,0.72,0.44,0.85,0.8,0.78
hive-0.10.0.csv,SmartCorrelated3,0.89,0.73,0.68,0.7,0.4,0.86,0.79,0.77
hive-0.10.0.csv,SmartCorrelated4,0.9,0.76,0.7,0.72,0.45,0.88,0.81,0.79
hive-0.10.0.csv,RFE-Logistic1,0.84,0.65,0.73,0.68,0.38,0.81,0.79,0.79
hive-0.10.0.csv,RFE-Logistic2,0.85,0.67,0.74,0.69,0.4,0.83,0.8,0.8
hive-0.10.0.csv,RFE-Logistic3,0.86,0.68,0.75,0.71,0.43,0.85,0.81,0.81
hive-0.10.0.csv,RFE-Logistic4,0.86,0.69,0.78,0.72,0.46,0.87,0.83,0.82
hive-0.10.0.csv,Forward1,0.9,0.76,0.74,0.74,0.49,0.86,0.83,0.81
hive-0.10.0.csv,Forward2,0.89,0.74,0.73,0.74,0.48,0.87,0.82,0.81
hive-0.10.0.csv,Forward3,0.9,0.75,0.73,0.74,0.48,0.88,0.82,0.81
hive-0.10.0.csv,Forward4,0.9,0.75,0.74,0.74,0.49,0.87,0.83,0.81
hive-0.10.0.csv,RFE-Random1,0.89,0.72,0.61,0.64,0.32,0.64,0.75,0.73
hive-0.10.0.csv,RFE-Random2,0.84,0.64,0.68,0.65,0.32,0.78,0.77,0.76
hive-0.10.0.csv,RFE-Random3,0.86,0.65,0.65,0.65,0.3,0.81,0.76,0.74
hive-0.10.0.csv,RFE-Random4,0.87,0.66,0.66,0.66,0.32,0.79,0.77,0.75
hive-0.10.0.csv,Backward1,0.9,0.75,0.75,0.75,0.5,0.87,0.84,0.82
hive-0.10.0.csv,Backward2,0.89,0.73,0.74,0.74,0.48,0.87,0.83,0.81
hive-0.10.0.csv,Backward3,0.9,0.76,0.73,0.74,0.49,0.87,0.83,0.81
hive-0.10.0.csv,Backward4,0.91,0.78,0.73,0.75,0.51,0.87,0.83,0.81
hive-0.10.0.csv,Auto-Spearman,0.9,0.75,0.7,0.72,0.45,0.7,0.81,0.79
hive-0.10.0.csv,ATE-FS,0.88,0.72,0.7,0.7,0.41,0.84,0.8,0.78
--------,--------,--------,--------,--------,--------,--------,--------,--------,--------
camel-2.9.0.csv,None,0.97,0.7,0.6,0.63,0.28,0.85,0.75,0.72
camel-2.9.0.csv,GSMB,0.95,0.58,0.58,0.58,0.15,0.74,0.73,0.7
camel-2.9.0.csv,IAMB,0.96,0.6,0.6,0.6,0.2,0.78,0.74,0.72
camel-2.9.0.csv,IAMBnPC,0.95,0.55,0.55,0.55,0.1,0.72,0.7,0.68
camel-2.9.0.csv,LRH,0.95,0.57,0.57,0.57,0.14,0.76,0.72,0.7
camel-2.9.0.csv,BAMB,0.95,0.54,0.55,0.54,0.08,0.71,0.7,0.68
camel-2.9.0.csv,FBEDk,0.96,0.59,0.59,0.59,0.18,0.79,0.74,0.71
camel-2.9.0.csv,MMMB,0.95,0.56,0.55,0.55,0.11,0.74,0.7,0.68
camel-2.9.0.csv,PCMB,0.96,0.54,0.53,0.53,0.06,0.64,0.69,0.66
camel-2.9.0.csv,HITON_MB,0.95,0.56,0.55,0.55,0.11,0.74,0.7,0.68
camel-2.9.0.csv,MBOR,0.95,0.56,0.55,0.56,0.11,0.69,0.71,0.68
camel-2.9.0.csv,IPCMB,--,--,--,--,--,--,--,
camel-2.9.0.csv,STMB,0.95,0.55,0.54,0.55,0.09,0.74,0.7,0.68
camel-2.9.0.csv,KIAMB,0.96,0.61,0.6,0.61,0.22,0.78,0.75,0.72
camel-2.9.0.csv,TIE_P,0.96,0.59,0.57,0.58,0.16,0.79,0.72,0.7
camel-2.9.0.csv,Chi-Square1,0.94,0.58,0.65,0.6,0.22,0.78,0.78,0.75
camel-2.9.0.csv,Chi-Square2,0.94,0.59,0.68,0.62,0.26,0.78,0.79,0.77
camel-2.9.0.csv,Chi-Square3,0.94,0.58,0.65,0.6,0.22,0.76,0.77,0.75
camel-2.9.0.csv,Chi-Square4,0.91,0.57,0.68,0.59,0.22,0.77,0.78,0.77
camel-2.9.0.csv,Mutual-Info1,0.94,0.58,0.65,0.6,0.22,0.8,0.77,0.75
camel-2.9.0.csv,Mutual-Info2,0.91,0.57,0.7,0.59,0.23,0.81,0.79,0.78
camel-2.9.0.csv,Mutual-Info3,0.95,0.63,0.66,0.64,0.29,0.81,0.79,0.76
camel-2.9.0.csv,Mutual-Info4,0.96,0.63,0.65,0.63,0.27,0.82,0.78,0.75
camel-2.9.0.csv,Anova1,0.95,0.62,0.65,0.63,0.26,0.71,0.78,0.75
camel-2.9.0.csv,Anova2,0.97,0.69,0.61,0.63,0.28,0.72,0.75,0.72
camel-2.9.0.csv,Anova3,0.97,0.67,0.58,0.6,0.23,0.74,0.73,0.7
camel-2.9.0.csv,Anova4,0.96,0.62,0.59,0.6,0.21,0.74,0.74,0.71
camel-2.9.0.csv,DropCorrelated1,0.96,0.61,0.6,0.6,0.2,0.8,0.74,0.71
camel-2.9.0.csv,DropCorrelated2,0.96,0.64,0.59,0.6,0.22,0.84,0.74,0.71
camel-2.9.0.csv,DropCorrelated3,0.97,0.67,0.6,0.62,0.26,0.85,0.75,0.72
camel-2.9.0.csv,DropCorrelated4,0.97,0.67,0.61,0.63,0.27,0.84,0.75,0.72
camel-2.9.0.csv,SmartCorrelated1,0.97,0.66,0.58,0.6,0.23,0.82,0.73,0.7
camel-2.9.0.csv,SmartCorrelated2,0.97,0.68,0.61,0.63,0.27,0.83,0.75,0.72
camel-2.9.0.csv,SmartCorrelated3,0.96,0.64,0.61,0.62,0.24,0.81,0.75,0.72
camel-2.9.0.csv,SmartCorrelated4,0.97,0.71,0.61,0.64,0.3,0.84,0.75,0.72
camel-2.9.0.csv,RFE-Logistic1,0.95,0.6,0.65,0.62,0.24,0.75,0.77,0.75
camel-2.9.0.csv,RFE-Logistic2,0.94,0.59,0.66,0.61,0.23,0.8,0.78,0.75
camel-2.9.0.csv,RFE-Logistic3,0.96,0.61,0.61,0.61,0.22,0.79,0.75,0.72
camel-2.9.0.csv,RFE-Logistic4,0.96,0.66,0.64,0.65,0.3,0.83,0.78,0.75
camel-2.9.0.csv,Forward1,0.95,0.58,0.61,0.59,0.19,0.79,0.74,0.72
camel-2.9.0.csv,Forward2,0.95,0.6,0.63,0.61,0.22,0.82,0.76,0.74
camel-2.9.0.csv,Forward3,0.92,0.58,0.69,0.6,0.24,0.82,0.79,0.78
camel-2.9.0.csv,Forward4,0.92,0.58,0.7,0.6,0.25,0.82,0.8,0.78
camel-2.9.0.csv,RFE-Random1,0.96,0.62,0.61,0.61,0.23,0.71,0.75,0.73
camel-2.9.0.csv,RFE-Random2,0.96,0.63,0.59,0.6,0.22,0.66,0.74,0.71
camel-2.9.0.csv,RFE-Random3,0.94,0.58,0.6,0.59,0.18,0.72,0.74,0.72
camel-2.9.0.csv,RFE-Random4,0.95,0.55,0.56,0.55,0.11,0.71,0.71,0.69
camel-2.9.0.csv,Backward1,0.96,0.62,0.58,0.59,0.2,0.7,0.73,0.7
camel-2.9.0.csv,Backward2,0.96,0.61,0.57,0.58,0.16,0.75,0.72,0.69
camel-2.9.0.csv,Backward3,0.96,0.63,0.59,0.61,0.22,0.77,0.74,0.71
camel-2.9.0.csv,Backward4,0.96,0.61,0.58,0.59,0.19,0.76,0.73,0.7
camel-2.9.0.csv,Auto-Spearman,0.97,0.7,0.6,0.63,0.29,0.6,0.75,0.72
camel-2.9.0.csv,ATE-FS,0.95,0.59,0.64,0.61,0.23,0.81,0.77,0.75
--------,--------,--------,--------,--------,--------,--------,--------,--------,--------
camel-1.4.0.csv,None,0.84,0.75,0.71,0.73,0.46,0.82,0.8,0.79
camel-1.4.0.csv,GSMB,0.71,0.6,0.62,0.6,0.22,0.69,0.69,0.69
camel-1.4.0.csv,IAMB,0.7,0.59,0.63,0.59,0.22,0.69,0.68,0.68
camel-1.4.0.csv,IAMBnPC,0.68,0.59,0.64,0.59,0.23,0.68,0.67,0.67
camel-1.4.0.csv,LRH,0.71,0.6,0.63,0.6,0.23,0.7,0.69,0.69
camel-1.4.0.csv,BAMB,0.71,0.6,0.63,0.6,0.23,0.69,0.69,0.69
camel-1.4.0.csv,FBEDk,0.7,0.59,0.62,0.59,0.2,0.69,0.68,0.67
camel-1.4.0.csv,MMMB,0.67,0.58,0.62,0.58,0.2,0.67,0.65,0.65
camel-1.4.0.csv,PCMB,--,--,--,--,--,--,--,
camel-1.4.0.csv,HITON_MB,--,--,--,--,--,--,--,
camel-1.4.0.csv,MBOR,0.69,0.59,0.62,0.59,0.21,0.68,0.67,0.67
camel-1.4.0.csv,IPCMB,--,--,--,--,--,--,--,
camel-1.4.0.csv,STMB,0.71,0.6,0.63,0.6,0.23,0.69,0.69,0.69
camel-1.4.0.csv,KIAMB,0.7,0.59,0.63,0.6,0.22,0.68,0.68,0.68
camel-1.4.0.csv,TIE_P,0.74,0.54,0.54,0.54,0.08,0.63,0.66,0.66
camel-1.4.0.csv,Chi-Square1,0.78,0.66,0.68,0.66,0.33,0.77,0.75,0.75
camel-1.4.0.csv,Chi-Square2,0.78,0.66,0.68,0.66,0.33,0.78,0.75,0.74
camel-1.4.0.csv,Chi-Square3,0.8,0.68,0.69,0.68,0.37,0.79,0.77,0.76
camel-1.4.0.csv,Chi-Square4,0.79,0.68,0.72,0.69,0.39,0.8,0.77,0.77
camel-1.4.0.csv,Mutual-Info1,0.83,0.72,0.72,0.72,0.43,0.78,0.8,0.79
camel-1.4.0.csv,Mutual-Info2,0.83,0.72,0.7,0.71,0.42,0.79,0.79,0.78
camel-1.4.0.csv,Mutual-Info3,0.82,0.71,0.69,0.69,0.4,0.79,0.78,0.77
camel-1.4.0.csv,Mutual-Info4,0.83,0.72,0.69,0.7,0.41,0.78,0.79,0.77
camel-1.4.0.csv,Anova1,0.84,0.76,0.64,0.66,0.38,0.77,0.77,0.74
camel-1.4.0.csv,Anova2,0.83,0.72,0.67,0.69,0.38,0.76,0.78,0.76
camel-1.4.0.csv,Anova3,0.82,0.7,0.67,0.68,0.37,0.76,0.77,0.76
camel-1.4.0.csv,Anova4,0.83,0.72,0.68,0.7,0.4,0.79,0.78,0.77
camel-1.4.0.csv,DropCorrelated1,0.81,0.7,0.69,0.69,0.39,0.8,0.78,0.77
camel-1.4.0.csv,DropCorrelated2,0.81,0.7,0.66,0.67,0.36,0.79,0.76,0.75
camel-1.4.0.csv,DropCorrelated3,0.82,0.71,0.7,0.7,0.41,0.82,0.78,0.77
camel-1.4.0.csv,DropCorrelated4,0.84,0.74,0.7,0.71,0.44,0.83,0.8,0.78
camel-1.4.0.csv,SmartCorrelated1,0.82,0.71,0.67,0.68,0.37,0.81,0.77,0.75
camel-1.4.0.csv,SmartCorrelated2,0.82,0.7,0.66,0.68,0.36,0.8,0.77,0.75
camel-1.4.0.csv,SmartCorrelated3,0.82,0.7,0.68,0.68,0.37,0.81,0.77,0.76
camel-1.4.0.csv,SmartCorrelated4,0.83,0.73,0.67,0.69,0.4,0.81,0.78,0.76
camel-1.4.0.csv,RFE-Logistic1,0.78,0.63,0.61,0.62,0.24,0.62,0.72,0.71
camel-1.4.0.csv,RFE-Logistic2,0.79,0.64,0.61,0.62,0.25,0.7,0.73,0.72
camel-1.4.0.csv,RFE-Logistic3,0.79,0.65,0.62,0.63,0.27,0.7,0.73,0.72
camel-1.4.0.csv,RFE-Logistic4,0.8,0.67,0.66,0.66,0.33,0.78,0.75,0.74
camel-1.4.0.csv,Forward1,0.8,0.67,0.68,0.67,0.35,0.71,0.76,0.75
camel-1.4.0.csv,Forward2,0.77,0.66,0.7,0.67,0.35,0.76,0.75,0.75
camel-1.4.0.csv,Forward3,0.82,0.71,0.7,0.7,0.41,0.8,0.79,0.78
camel-1.4.0.csv,Forward4,0.83,0.72,0.71,0.71,0.43,0.8,0.79,0.78
camel-1.4.0.csv,RFE-Random1,0.76,0.62,0.61,0.61,0.23,0.7,0.71,0.71
camel-1.4.0.csv,RFE-Random2,0.79,0.65,0.62,0.63,0.27,0.71,0.74,0.72
camel-1.4.0.csv,RFE-Random3,0.76,0.62,0.62,0.62,0.24,0.7,0.72,0.71
camel-1.4.0.csv,RFE-Random4,0.81,0.67,0.64,0.65,0.31,0.72,0.75,0.73
camel-1.4.0.csv,Backward1,0.82,0.7,0.65,0.67,0.35,0.73,0.76,0.75
camel-1.4.0.csv,Backward2,0.82,0.71,0.69,0.69,0.4,0.79,0.78,0.77
camel-1.4.0.csv,Backward3,0.81,0.69,0.66,0.67,0.35,0.78,0.76,0.75
camel-1.4.0.csv,Backward4,0.82,0.71,0.67,0.68,0.38,0.79,0.77,0.76
camel-1.4.0.csv,Auto-Spearman,0.84,0.74,0.68,0.7,0.41,0.68,0.78,0.77
camel-1.4.0.csv,ATE-FS,0.81,0.69,0.69,0.69,0.38,0.78,0.77,0.76
--------,--------,--------,--------,--------,--------,--------,--------,--------,--------
activemq-5.1.0.csv,None,0.92,0.71,0.65,0.67,0.35,0.85,0.77,0.75
activemq-5.1.0.csv,GSMB,0.84,0.58,0.65,0.6,0.22,0.76,0.74,0.73
activemq-5.1.0.csv,IAMB,0.86,0.57,0.59,0.57,0.15,0.75,0.71,0.7
activemq-5.1.0.csv,IAMBnPC,0.83,0.57,0.62,0.58,0.19,0.74,0.72,0.72
activemq-5.1.0.csv,LRH,0.84,0.57,0.62,0.58,0.18,0.75,0.72,0.72
activemq-5.1.0.csv,BAMB,--,--,--,--,--,--,--,
activemq-5.1.0.csv,FBEDk,0.83,0.59,0.66,0.6,0.23,0.76,0.75,0.74
activemq-5.1.0.csv,MMMB,--,--,--,--,--,--,--,
activemq-5.1.0.csv,PCMB,--,--,--,--,--,--,--,
activemq-5.1.0.csv,HITON_MB,--,--,--,--,--,--,--,
activemq-5.1.0.csv,MBOR,--,--,--,--,--,--,--,
activemq-5.1.0.csv,IPCMB,--,--,--,--,--,--,--,
activemq-5.1.0.csv,STMB,--,--,--,--,--,--,--,
activemq-5.1.0.csv,KIAMB,0.9,0.64,0.62,0.63,0.26,0.77,0.75,0.73
activemq-5.1.0.csv,TIE_P,0.9,0.62,0.6,0.6,0.21,0.78,0.73,0.71
activemq-5.1.0.csv,Chi-Square1,0.86,0.6,0.65,0.61,0.24,0.77,0.75,0.74
activemq-5.1.0.csv,Chi-Square2,0.86,0.6,0.64,0.61,0.23,0.77,0.75,0.73
activemq-5.1.0.csv,Chi-Square3,0.87,0.6,0.65,0.62,0.25,0.79,0.75,0.74
activemq-5.1.0.csv,Chi-Square4,0.87,0.61,0.65,0.63,0.26,0.78,0.76,0.75
activemq-5.1.0.csv,Mutual-Info1,0.89,0.64,0.64,0.63,0.27,0.81,0.76,0.74
activemq-5.1.0.csv,Mutual-Info2,0.89,0.63,0.64,0.63,0.26,0.82,0.76,0.74
activemq-5.1.0.csv,Mutual-Info3,0.89,0.66,0.67,0.66,0.32,0.82,0.78,0.76
activemq-5.1.0.csv,Mutual-Info4,0.88,0.62,0.63,0.62,0.25,0.81,0.75,0.74
activemq-5.1.0.csv,Anova1,0.89,0.62,0.61,0.61,0.23,0.75,0.74,0.72
activemq-5.1.0.csv,Anova2,0.9,0.64,0.62,0.63,0.26,0.8,0.75,0.73
activemq-5.1.0.csv,Anova3,0.9,0.65,0.63,0.64,0.28,0.79,0.76,0.74
activemq-5.1.0.csv,Anova4,0.89,0.63,0.61,0.62,0.24,0.77,0.74,0.72
activemq-5.1.0.csv,DropCorrelated1,0.92,0.72,0.64,0.67,0.35,0.82,0.77,0.75
activemq-5.1.0.csv,DropCorrelated2,0.9,0.63,0.62,0.63,0.26,0.83,0.75,0.73
activemq-5.1.0.csv,DropCorrelated3,0.91,0.67,0.66,0.66,0.33,0.84,0.78,0.76
activemq-5.1.0.csv,DropCorrelated4,0.92,0.73,0.63,0.66,0.35,0.86,0.77,0.74
activemq-5.1.0.csv,SmartCorrelated1,0.92,0.73,0.62,0.66,0.34,0.83,0.76,0.73
activemq-5.1.0.csv,SmartCorrelated2,0.92,0.7,0.65,0.67,0.35,0.84,0.78,0.75
activemq-5.1.0.csv,SmartCorrelated3,0.92,0.72,0.65,0.67,0.36,0.85,0.77,0.75
activemq-5.1.0.csv,SmartCorrelated4,0.92,0.73,0.65,0.68,0.37,0.86,0.78,0.75
activemq-5.1.0.csv,RFE-Logistic1,0.87,0.58,0.59,0.59,0.17,0.75,0.72,0.71
activemq-5.1.0.csv,RFE-Logistic2,0.88,0.59,0.59,0.58,0.17,0.73,0.72,0.7
activemq-5.1.0.csv,RFE-Logistic3,0.85,0.6,0.65,0.62,0.25,0.79,0.75,0.74
activemq-5.1.0.csv,RFE-Logistic4,0.88,0.61,0.62,0.61,0.23,0.79,0.74,0.73
activemq-5.1.0.csv,Forward1,0.89,0.64,0.68,0.65,0.31,0.82,0.78,0.76
activemq-5.1.0.csv,Forward2,0.9,0.66,0.66,0.66,0.32,0.82,0.78,0.76
activemq-5.1.0.csv,Forward3,0.9,0.67,0.68,0.67,0.34,0.83,0.79,0.77
activemq-5.1.0.csv,Forward4,0.9,0.67,0.69,0.67,0.35,0.81,0.79,0.77
activemq-5.1.0.csv,RFE-Random1,0.91,0.63,0.57,0.59,0.19,0.61,0.72,0.7
activemq-5.1.0.csv,RFE-Random2,0.85,0.57,0.6,0.58,0.17,0.75,0.72,0.71
activemq-5.1.0.csv,RFE-Random3,0.89,0.63,0.6,0.61,0.23,0.78,0.74,0.72
activemq-5.1.0.csv,RFE-Random4,0.9,0.62,0.6,0.6,0.21,0.73,0.73,0.71
activemq-5.1.0.csv,Backward1,0.9,0.67,0.68,0.67,0.34,0.8,0.79,0.77
activemq-5.1.0.csv,Backward2,0.9,0.68,0.69,0.68,0.37,0.81,0.8,0.78
activemq-5.1.0.csv,Backward3,0.91,0.7,0.68,0.69,0.38,0.81,0.8,0.77
activemq-5.1.0.csv,Backward4,0.92,0.72,0.69,0.7,0.4,0.8,0.8,0.78
activemq-5.1.0.csv,Auto-Spearman,0.92,0.74,0.63,0.66,0.35,0.63,0.76,0.74
activemq-5.1.0.csv,ATE-FS,0.92,0.72,0.69,0.7,0.4,0.79,0.8,0.78
--------,--------,--------,--------,--------,--------,--------,--------,--------,--------
jruby-1.7.0.preview1.csv,None,0.93,0.67,0.69,0.68,0.36,0.88,0.8,0.78
jruby-1.7.0.preview1.csv,GSMB,0.84,0.56,0.66,0.57,0.2,0.73,0.75,0.74
jruby-1.7.0.preview1.csv,IAMB,0.77,0.55,0.69,0.54,0.2,0.75,0.73,0.73
jruby-1.7.0.preview1.csv,IAMBnPC,0.84,0.55,0.62,0.56,0.15,0.71,0.72,0.71
jruby-1.7.0.preview1.csv,LRH,0.77,0.55,0.69,0.54,0.2,0.75,0.73,0.73
jruby-1.7.0.preview1.csv,BAMB,0.83,0.56,0.66,0.56,0.19,0.74,0.74,0.73
jruby-1.7.0.preview1.csv,FBEDk,0.79,0.55,0.67,0.55,0.19,0.75,0.73,0.73
jruby-1.7.0.preview1.csv,MMMB,0.78,0.55,0.68,0.54,0.19,0.75,0.73,0.72
jruby-1.7.0.preview1.csv,PCMB,0.92,0.51,0.5,0.5,0.01,0.6,0.66,0.65
jruby-1.7.0.preview1.csv,HITON_MB,0.82,0.55,0.63,0.55,0.16,0.73,0.72,0.72
jruby-1.7.0.preview1.csv,MBOR,0.85,0.54,0.59,0.54,0.12,0.73,0.7,0.7
jruby-1.7.0.preview1.csv,IPCMB,0.75,0.54,0.63,0.52,0.14,0.68,0.69,0.69
jruby-1.7.0.preview1.csv,STMB,0.77,0.55,0.69,0.54,0.2,0.75,0.73,0.73
jruby-1.7.0.preview1.csv,KIAMB,0.82,0.55,0.64,0.56,0.17,0.73,0.73,0.72
jruby-1.7.0.preview1.csv,TIE_P,0.72,0.55,0.68,0.52,0.18,0.73,0.7,0.7
jruby-1.7.0.preview1.csv,Chi-Square1,0.89,0.62,0.74,0.65,0.33,0.85,0.81,0.8
jruby-1.7.0.preview1.csv,Chi-Square2,0.9,0.63,0.75,0.67,0.37,0.88,0.83,0.82
jruby-1.7.0.preview1.csv,Chi-Square3,0.89,0.61,0.72,0.64,0.31,0.87,0.8,0.79
jruby-1.7.0.preview1.csv,Chi-Square4,0.88,0.6,0.71,0.63,0.29,0.87,0.79,0.78
jruby-1.7.0.preview1.csv,Mutual-Info1,0.9,0.59,0.65,0.61,0.23,0.8,0.76,0.74
jruby-1.7.0.preview1.csv,Mutual-Info2,0.89,0.59,0.67,0.61,0.25,0.84,0.77,0.76
jruby-1.7.0.preview1.csv,Mutual-Info3,0.85,0.57,0.67,0.59,0.22,0.83,0.75,0.75
jruby-1.7.0.preview1.csv,Mutual-Info4,0.89,0.6,0.67,0.62,0.26,0.84,0.77,0.76
jruby-1.7.0.preview1.csv,Anova1,0.92,0.62,0.66,0.64,0.28,0.81,0.77,0.75
jruby-1.7.0.preview1.csv,Anova2,0.93,0.65,0.64,0.64,0.29,0.83,0.77,0.74
jruby-1.7.0.preview1.csv,Anova3,0.93,0.62,0.62,0.62,0.24,0.84,0.75,0.73
jruby-1.7.0.preview1.csv,Anova4,0.93,0.65,0.64,0.64,0.28,0.86,0.77,0.74
jruby-1.7.0.preview1.csv,DropCorrelated1,0.93,0.67,0.63,0.64,0.29,0.86,0.76,0.73
jruby-1.7.0.preview1.csv,DropCorrelated2,0.93,0.65,0.61,0.62,0.25,0.86,0.75,0.73
jruby-1.7.0.preview1.csv,DropCorrelated3,0.93,0.65,0.61,0.62,0.25,0.86,0.75,0.72
jruby-1.7.0.preview1.csv,DropCorrelated4,0.93,0.68,0.64,0.65,0.31,0.87,0.77,0.74
jruby-1.7.0.preview1.csv,SmartCorrelated1,0.93,0.66,0.63,0.63,0.28,0.87,0.76,0.73
jruby-1.7.0.preview1.csv,SmartCorrelated2,0.93,0.63,0.62,0.62,0.25,0.85,0.75,0.73
jruby-1.7.0.preview1.csv,SmartCorrelated3,0.94,0.67,0.65,0.65,0.32,0.87,0.77,0.75
jruby-1.7.0.preview1.csv,SmartCorrelated4,0.93,0.66,0.66,0.65,0.31,0.84,0.78,0.75
jruby-1.7.0.preview1.csv,RFE-Logistic1,0.88,0.59,0.67,0.61,0.25,0.74,0.77,0.76
jruby-1.7.0.preview1.csv,RFE-Logistic2,0.91,0.61,0.64,0.62,0.24,0.75,0.76,0.74
jruby-1.7.0.preview1.csv,RFE-Logistic3,0.91,0.62,0.7,0.65,0.31,0.85,0.79,0.78
jruby-1.7.0.preview1.csv,RFE-Logistic4,0.91,0.63,0.69,0.65,0.31,0.87,0.79,0.77
jruby-1.7.0.preview1.csv,Forward1,0.84,0.59,0.76,0.61,0.31,0.85,0.8,0.8
jruby-1.7.0.preview1.csv,Forward2,0.86,0.6,0.76,0.63,0.32,0.87,0.81,0.81
jruby-1.7.0.preview1.csv,Forward3,0.88,0.6,0.71,0.62,0.29,0.83,0.79,0.78
jruby-1.7.0.preview1.csv,Forward4,0.88,0.59,0.68,0.61,0.25,0.87,0.77,0.76
jruby-1.7.0.preview1.csv,RFE-Random1,0.92,0.63,0.66,0.64,0.29,0.79,0.78,0.76
jruby-1.7.0.preview1.csv,RFE-Random2,0.9,0.62,0.7,0.64,0.31,0.8,0.79,0.78
jruby-1.7.0.preview1.csv,RFE-Random3,0.89,0.6,0.69,0.62,0.27,0.82,0.78,0.77
jruby-1.7.0.preview1.csv,RFE-Random4,0.91,0.6,0.63,0.61,0.23,0.82,0.76,0.74
jruby-1.7.0.preview1.csv,Backward1,0.91,0.59,0.61,0.6,0.2,0.79,0.74,0.72
jruby-1.7.0.preview1.csv,Backward2,0.91,0.58,0.57,0.57,0.14,0.81,0.71,0.69
jruby-1.7.0.preview1.csv,Backward3,0.92,0.61,0.61,0.61,0.22,0.8,0.74,0.72
jruby-1.7.0.preview1.csv,Backward4,0.91,0.6,0.61,0.6,0.21,0.82,0.74,0.72
jruby-1.7.0.preview1.csv,Auto-Spearman,0.94,0.67,0.64,0.65,0.31,0.64,0.77,0.74
jruby-1.7.0.preview1.csv,ATE-FS,0.93,0.64,0.62,0.63,0.26,0.8,0.75,0.73
--------,--------,--------,--------,--------,--------,--------,--------,--------,--------
wicket-1.3.0-incubating-beta-1.csv,None,0.93,0.69,0.7,0.69,0.38,0.87,0.81,0.78
wicket-1.3.0-incubating-beta-1.csv,GSMB,0.92,0.65,0.64,0.65,0.29,0.82,0.77,0.75
wicket-1.3.0-incubating-beta-1.csv,IAMB,0.93,0.68,0.69,0.68,0.36,0.83,0.8,0.78
wicket-1.3.0-incubating-beta-1.csv,IAMBnPC,0.92,0.65,0.68,0.66,0.33,0.84,0.79,0.77
wicket-1.3.0-incubating-beta-1.csv,LRH,0.92,0.66,0.65,0.65,0.31,0.83,0.77,0.75
wicket-1.3.0-incubating-beta-1.csv,BAMB,0.91,0.65,0.69,0.66,0.33,0.84,0.79,0.77
wicket-1.3.0-incubating-beta-1.csv,FBEDk,0.91,0.63,0.67,0.64,0.29,0.84,0.78,0.76
wicket-1.3.0-incubating-beta-1.csv,MMMB,0.93,0.71,0.68,0.69,0.39,0.84,0.8,0.77
wicket-1.3.0-incubating-beta-1.csv,PCMB,0.78,0.53,0.59,0.52,0.11,0.7,0.68,0.68
wicket-1.3.0-incubating-beta-1.csv,HITON_MB,0.93,0.71,0.68,0.69,0.39,0.83,0.8,0.77
wicket-1.3.0-incubating-beta-1.csv,MBOR,0.93,0.69,0.67,0.68,0.36,0.84,0.79,0.77
wicket-1.3.0-incubating-beta-1.csv,IPCMB,0.81,0.51,0.53,0.51,0.04,0.63,0.65,0.65
wicket-1.3.0-incubating-beta-1.csv,STMB,0.91,0.63,0.66,0.64,0.28,0.84,0.77,0.76
wicket-1.3.0-incubating-beta-1.csv,KIAMB,0.92,0.67,0.65,0.66,0.32,0.83,0.77,0.75
wicket-1.3.0-incubating-beta-1.csv,TIE_P,0.92,0.65,0.65,0.65,0.29,0.84,0.77,0.75
wicket-1.3.0-incubating-beta-1.csv,Chi-Square1,0.85,0.59,0.7,0.61,0.27,0.82,0.77,0.77
wicket-1.3.0-incubating-beta-1.csv,Chi-Square2,0.88,0.59,0.63,0.6,0.22,0.78,0.75,0.73
wicket-1.3.0-incubating-beta-1.csv,Chi-Square3,0.88,0.61,0.64,0.61,0.24,0.8,0.75,0.74
wicket-1.3.0-incubating-beta-1.csv,Chi-Square4,0.89,0.64,0.69,0.65,0.32,0.85,0.79,0.77
wicket-1.3.0-incubating-beta-1.csv,Mutual-Info1,0.93,0.7,0.73,0.71,0.43,0.86,0.82,0.81
wicket-1.3.0-incubating-beta-1.csv,Mutual-Info2,0.93,0.7,0.71,0.7,0.41,0.88,0.81,0.79
wicket-1.3.0-incubating-beta-1.csv,Mutual-Info3,0.92,0.68,0.75,0.7,0.42,0.9,0.83,0.82
wicket-1.3.0-incubating-beta-1.csv,Mutual-Info4,0.92,0.7,0.75,0.71,0.44,0.9,0.83,0.82
wicket-1.3.0-incubating-beta-1.csv,Anova1,0.95,0.8,0.71,0.74,0.5,0.85,0.82,0.79
wicket-1.3.0-incubating-beta-1.csv,Anova2,0.93,0.72,0.73,0.73,0.46,0.89,0.83,0.81
wicket-1.3.0-incubating-beta-1.csv,Anova3,0.93,0.71,0.68,0.69,0.39,0.88,0.8,0.77
wicket-1.3.0-incubating-beta-1.csv,Anova4,0.93,0.68,0.67,0.68,0.35,0.86,0.79,0.77
wicket-1.3.0-incubating-beta-1.csv,DropCorrelated1,0.93,0.7,0.67,0.68,0.36,0.86,0.79,0.77
wicket-1.3.0-incubating-beta-1.csv,DropCorrelated2,0.93,0.66,0.62,0.63,0.28,0.86,0.75,0.73
wicket-1.3.0-incubating-beta-1.csv,DropCorrelated3,0.94,0.7,0.62,0.65,0.31,0.86,0.76,0.73
wicket-1.3.0-incubating-beta-1.csv,DropCorrelated4,0.92,0.67,0.69,0.67,0.36,0.89,0.8,0.78
wicket-1.3.0-incubating-beta-1.csv,SmartCorrelated1,0.93,0.68,0.66,0.67,0.34,0.86,0.78,0.76
wicket-1.3.0-incubating-beta-1.csv,SmartCorrelated2,0.93,0.7,0.69,0.69,0.39,0.91,0.8,0.78
wicket-1.3.0-incubating-beta-1.csv,SmartCorrelated3,0.93,0.72,0.71,0.71,0.42,0.9,0.82,0.79
wicket-1.3.0-incubating-beta-1.csv,SmartCorrelated4,0.94,0.75,0.68,0.7,0.41,0.89,0.8,0.77
wicket-1.3.0-incubating-beta-1.csv,RFE-Logistic1,0.89,0.59,0.64,0.61,0.23,0.77,0.75,0.74
wicket-1.3.0-incubating-beta-1.csv,RFE-Logistic2,0.89,0.59,0.62,0.6,0.2,0.8,0.74,0.72
wicket-1.3.0-incubating-beta-1.csv,RFE-Logistic3,0.9,0.59,0.6,0.6,0.19,0.81,0.73,0.72
wicket-1.3.0-incubating-beta-1.csv,RFE-Logistic4,0.91,0.61,0.62,0.61,0.23,0.8,0.75,0.73
wicket-1.3.0-incubating-beta-1.csv,Forward1,0.93,0.71,0.74,0.72,0.44,0.89,0.83,0.81
wicket-1.3.0-incubating-beta-1.csv,Forward2,0.93,0.71,0.71,0.71,0.42,0.9,0.82,0.79
wicket-1.3.0-incubating-beta-1.csv,Forward3,0.93,0.71,0.77,0.73,0.47,0.91,0.85,0.83
wicket-1.3.0-incubating-beta-1.csv,Forward4,0.93,0.73,0.74,0.73,0.46,0.91,0.83,0.81
wicket-1.3.0-incubating-beta-1.csv,RFE-Random1,0.9,0.58,0.6,0.59,0.18,0.76,0.73,0.71
wicket-1.3.0-incubating-beta-1.csv,RFE-Random2,0.9,0.59,0.61,0.59,0.19,0.78,0.73,0.72
wicket-1.3.0-incubating-beta-1.csv,RFE-Random3,0.91,0.62,0.59,0.59,0.2,0.8,0.73,0.71
wicket-1.3.0-incubating-beta-1.csv,RFE-Random4,0.91,0.65,0.63,0.63,0.27,0.82,0.76,0.74
wicket-1.3.0-incubating-beta-1.csv,Backward1,0.93,0.72,0.76,0.74,0.48,0.89,0.85,0.83
wicket-1.3.0-incubating-beta-1.csv,Backward2,0.93,0.71,0.77,0.73,0.47,0.89,0.85,0.83
wicket-1.3.0-incubating-beta-1.csv,Backward3,0.93,0.71,0.74,0.72,0.45,0.88,0.83,0.81
wicket-1.3.0-incubating-beta-1.csv,Backward4,0.93,0.71,0.71,0.7,0.41,0.9,0.81,0.79
wicket-1.3.0-incubating-beta-1.csv,Auto-Spearman,0.94,0.73,0.63,0.65,0.33,0.63,0.76,0.74
wicket-1.3.0-incubating-beta-1.csv,ATE-FS,0.93,0.7,0.72,0.71,0.42,0.88,0.82,0.8
--------,--------,--------,--------,--------,--------,--------,--------,--------,--------
hbase-0.95.2.csv,None,0.78,0.71,0.69,0.7,0.41,0.78,0.77,0.76
hbase-0.95.2.csv,GSMB,0.74,0.67,0.68,0.68,0.35,0.74,0.74,0.74
hbase-0.95.2.csv,IAMB,0.72,0.64,0.65,0.64,0.29,0.72,0.71,0.71
hbase-0.95.2.csv,IAMBnPC,0.74,0.67,0.68,0.67,0.35,0.74,0.74,0.73
hbase-0.95.2.csv,LRH,0.75,0.68,0.69,0.69,0.37,0.74,0.75,0.75
hbase-0.95.2.csv,BAMB,0.72,0.65,0.65,0.65,0.29,0.73,0.72,0.71
hbase-0.95.2.csv,FBEDk,0.73,0.66,0.66,0.66,0.32,0.72,0.72,0.72
hbase-0.95.2.csv,MMMB,0.75,0.68,0.69,0.68,0.36,0.74,0.74,0.74
hbase-0.95.2.csv,PCMB,0.76,0.69,0.65,0.66,0.34,0.71,0.75,0.74
hbase-0.95.2.csv,HITON_MB,0.73,0.66,0.67,0.67,0.34,0.74,0.73,0.73
hbase-0.95.2.csv,MBOR,0.75,0.68,0.67,0.67,0.35,0.73,0.75,0.74
hbase-0.95.2.csv,IPCMB,--,--,--,--,--,--,--,
hbase-0.95.2.csv,STMB,0.74,0.67,0.68,0.67,0.34,0.74,0.73,0.73
hbase-0.95.2.csv,KIAMB,0.75,0.68,0.68,0.68,0.36,0.74,0.75,0.74
hbase-0.95.2.csv,TIE_P,0.75,0.68,0.66,0.67,0.34,0.74,0.75,0.74
hbase-0.95.2.csv,Chi-Square1,0.67,0.59,0.6,0.6,0.2,0.67,0.66,0.66
hbase-0.95.2.csv,Chi-Square2,0.69,0.62,0.63,0.62,0.24,0.71,0.69,0.68
hbase-0.95.2.csv,Chi-Square3,0.7,0.65,0.67,0.65,0.32,0.74,0.7,0.7
hbase-0.95.2.csv,Chi-Square4,0.71,0.64,0.65,0.64,0.29,0.74,0.7,0.7
hbase-0.95.2.csv,Mutual-Info1,0.74,0.67,0.67,0.67,0.34,0.72,0.74,0.73
hbase-0.95.2.csv,Mutual-Info2,0.75,0.67,0.66,0.67,0.33,0.73,0.74,0.74
hbase-0.95.2.csv,Mutual-Info3,0.75,0.68,0.66,0.67,0.34,0.73,0.75,0.74
hbase-0.95.2.csv,Mutual-Info4,0.76,0.68,0.66,0.67,0.34,0.73,0.75,0.74
hbase-0.95.2.csv,Anova1,0.77,0.7,0.66,0.67,0.36,0.72,0.76,0.75
hbase-0.95.2.csv,Anova2,0.77,0.71,0.67,0.68,0.38,0.74,0.76,0.75
hbase-0.95.2.csv,Anova3,0.78,0.72,0.69,0.7,0.41,0.77,0.77,0.77
hbase-0.95.2.csv,Anova4,0.77,0.7,0.68,0.69,0.38,0.74,0.76,0.75
hbase-0.95.2.csv,DropCorrelated1,0.77,0.7,0.68,0.69,0.38,0.76,0.76,0.75
hbase-0.95.2.csv,DropCorrelated2,0.76,0.69,0.69,0.69,0.38,0.77,0.76,0.75
hbase-0.95.2.csv,DropCorrelated3,0.77,0.7,0.68,0.69,0.38,0.77,0.76,0.75
hbase-0.95.2.csv,DropCorrelated4,0.77,0.7,0.69,0.7,0.4,0.77,0.76,0.76
hbase-0.95.2.csv,SmartCorrelated1,0.77,0.69,0.67,0.68,0.36,0.75,0.76,0.75
hbase-0.95.2.csv,SmartCorrelated2,0.77,0.7,0.68,0.68,0.37,0.77,0.76,0.75
hbase-0.95.2.csv,SmartCorrelated3,0.77,0.7,0.68,0.69,0.39,0.76,0.77,0.76
hbase-0.95.2.csv,SmartCorrelated4,0.78,0.71,0.68,0.69,0.39,0.76,0.77,0.76
hbase-0.95.2.csv,RFE-Logistic1,0.67,0.59,0.6,0.59,0.18,0.66,0.66,0.66
hbase-0.95.2.csv,RFE-Logistic2,0.71,0.63,0.64,0.64,0.28,0.72,0.7,0.7
hbase-0.95.2.csv,RFE-Logistic3,0.68,0.62,0.64,0.62,0.26,0.7,0.68,0.68
hbase-0.95.2.csv,RFE-Logistic4,0.71,0.64,0.65,0.64,0.28,0.73,0.7,0.7
hbase-0.95.2.csv,Forward1,0.75,0.67,0.66,0.66,0.33,0.72,0.74,0.73
hbase-0.95.2.csv,Forward2,0.74,0.66,0.65,0.65,0.31,0.72,0.73,0.72
hbase-0.95.2.csv,Forward3,0.75,0.67,0.66,0.67,0.34,0.73,0.74,0.74
hbase-0.95.2.csv,Forward4,0.75,0.68,0.68,0.68,0.36,0.76,0.75,0.74
hbase-0.95.2.csv,RFE-Random1,0.74,0.65,0.52,0.46,0.1,0.51,0.68,0.66
hbase-0.95.2.csv,RFE-Random2,0.73,0.66,0.66,0.65,0.31,0.72,0.72,0.72
hbase-0.95.2.csv,RFE-Random3,0.74,0.66,0.66,0.66,0.32,0.74,0.73,0.73
hbase-0.95.2.csv,RFE-Random4,0.74,0.66,0.66,0.66,0.32,0.74,0.73,0.73
hbase-0.95.2.csv,Backward1,0.74,0.66,0.65,0.66,0.31,0.73,0.73,0.73
hbase-0.95.2.csv,Backward2,0.74,0.67,0.66,0.67,0.33,0.74,0.74,0.73
hbase-0.95.2.csv,Backward3,0.77,0.71,0.69,0.7,0.4,0.76,0.77,0.76
hbase-0.95.2.csv,Backward4,0.76,0.69,0.69,0.69,0.38,0.76,0.76,0.75
hbase-0.95.2.csv,Auto-Spearman,0.78,0.72,0.69,0.7,0.41,0.69,0.77,0.76
hbase-0.95.2.csv,ATE-FS,0.77,0.69,0.67,0.68,0.36,0.76,0.76,0.75
--------,--------,--------,--------,--------,--------,--------,--------,--------,--------
activemq-5.0.0.csv,None,0.89,0.79,0.81,0.8,0.6,0.92,0.86,0.85
activemq-5.0.0.csv,GSMB,0.87,0.76,0.77,0.76,0.52,0.87,0.83,0.82
activemq-5.0.0.csv,IAMB,0.87,0.76,0.77,0.76,0.53,0.88,0.84,0.83
activemq-5.0.0.csv,IAMBnPC,0.87,0.76,0.78,0.76,0.53,0.87,0.84,0.83
activemq-5.0.0.csv,LRH,0.87,0.75,0.77,0.76,0.53,0.87,0.84,0.83
activemq-5.0.0.csv,BAMB,0.87,0.76,0.78,0.77,0.54,0.88,0.84,0.83
activemq-5.0.0.csv,FBEDk,0.87,0.75,0.77,0.76,0.52,0.88,0.84,0.83
activemq-5.0.0.csv,MMMB,--,--,--,--,--,--,--,
activemq-5.0.0.csv,PCMB,0.85,0.72,0.72,0.72,0.44,0.81,0.8,0.79
activemq-5.0.0.csv,HITON_MB,--,--,--,--,--,--,--,
activemq-5.0.0.csv,MBOR,0.88,0.77,0.79,0.78,0.56,0.88,0.85,0.84
activemq-5.0.0.csv,IPCMB,--,--,--,--,--,--,--,
activemq-5.0.0.csv,STMB,0.87,0.75,0.78,0.76,0.53,0.87,0.84,0.83
activemq-5.0.0.csv,KIAMB,0.87,0.76,0.78,0.77,0.54,0.87,0.84,0.83
activemq-5.0.0.csv,TIE_P,0.87,0.76,0.78,0.77,0.54,0.88,0.84,0.83
activemq-5.0.0.csv,Chi-Square1,0.79,0.66,0.71,0.67,0.37,0.82,0.77,0.76
activemq-5.0.0.csv,Chi-Square2,0.8,0.66,0.72,0.68,0.37,0.83,0.77,0.77
activemq-5.0.0.csv,Chi-Square3,0.8,0.66,0.7,0.67,0.36,0.84,0.77,0.76
activemq-5.0.0.csv,Chi-Square4,0.81,0.67,0.72,0.69,0.39,0.84,0.78,0.78
activemq-5.0.0.csv,Mutual-Info1,0.87,0.75,0.79,0.76,0.53,0.87,0.84,0.83
activemq-5.0.0.csv,Mutual-Info2,0.88,0.77,0.8,0.78,0.57,0.9,0.85,0.84
activemq-5.0.0.csv,Mutual-Info3,0.88,0.77,0.79,0.78,0.56,0.89,0.85,0.84
activemq-5.0.0.csv,Mutual-Info4,0.88,0.78,0.79,0.78,0.56,0.9,0.85,0.84
activemq-5.0.0.csv,Anova1,0.87,0.76,0.77,0.76,0.53,0.81,0.84,0.83
activemq-5.0.0.csv,Anova2,0.88,0.78,0.75,0.76,0.53,0.84,0.83,0.82
activemq-5.0.0.csv,Anova3,0.88,0.79,0.78,0.78,0.56,0.87,0.85,0.84
activemq-5.0.0.csv,Anova4,0.89,0.79,0.77,0.78,0.56,0.89,0.84,0.83
activemq-5.0.0.csv,DropCorrelated1,0.89,0.79,0.79,0.79,0.58,0.9,0.85,0.84
activemq-5.0.0.csv,DropCorrelated2,0.89,0.79,0.82,0.8,0.6,0.91,0.86,0.86
activemq-5.0.0.csv,DropCorrelated3,0.89,0.79,0.8,0.79,0.59,0.91,0.86,0.85
activemq-5.0.0.csv,DropCorrelated4,0.89,0.8,0.8,0.8,0.6,0.91,0.86,0.85
activemq-5.0.0.csv,SmartCorrelated1,0.89,0.8,0.79,0.79,0.59,0.91,0.86,0.85
activemq-5.0.0.csv,SmartCorrelated2,0.89,0.79,0.82,0.8,0.6,0.92,0.86,0.86
activemq-5.0.0.csv,SmartCorrelated3,0.89,0.8,0.8,0.79,0.59,0.92,0.86,0.85
activemq-5.0.0.csv,SmartCorrelated4,0.89,0.8,0.79,0.79,0.59,0.91,0.86,0.85
activemq-5.0.0.csv,RFE-Logistic1,0.82,0.67,0.7,0.68,0.37,0.81,0.78,0.77
activemq-5.0.0.csv,RFE-Logistic2,0.82,0.67,0.69,0.67,0.35,0.8,0.77,0.76
activemq-5.0.0.csv,RFE-Logistic3,0.82,0.67,0.67,0.67,0.33,0.82,0.76,0.75
activemq-5.0.0.csv,RFE-Logistic4,0.83,0.69,0.71,0.7,0.4,0.85,0.79,0.78
activemq-5.0.0.csv,Forward1,0.85,0.73,0.76,0.74,0.49,0.87,0.82,0.81
activemq-5.0.0.csv,Forward2,0.86,0.74,0.78,0.75,0.52,0.89,0.83,0.83
activemq-5.0.0.csv,Forward3,0.86,0.75,0.8,0.76,0.54,0.89,0.84,0.83
activemq-5.0.0.csv,Forward4,0.87,0.76,0.76,0.76,0.52,0.89,0.83,0.82
activemq-5.0.0.csv,RFE-Random1,0.81,0.64,0.65,0.64,0.29,0.74,0.75,0.74
activemq-5.0.0.csv,RFE-Random2,0.84,0.66,0.56,0.57,0.2,0.54,0.71,0.69
activemq-5.0.0.csv,RFE-Random3,0.81,0.67,0.71,0.69,0.38,0.81,0.78,0.77
activemq-5.0.0.csv,RFE-Random4,0.84,0.7,0.69,0.69,0.38,0.84,0.78,0.77
activemq-5.0.0.csv,Backward1,0.87,0.76,0.8,0.77,0.55,0.89,0.85,0.84
activemq-5.0.0.csv,Backward2,0.89,0.79,0.8,0.79,0.58,0.89,0.86,0.85
activemq-5.0.0.csv,Backward3,0.88,0.78,0.79,0.78,0.57,0.89,0.85,0.84
activemq-5.0.0.csv,Backward4,0.89,0.8,0.78,0.79,0.58,0.9,0.85,0.84
activemq-5.0.0.csv,Auto-Spearman,0.89,0.8,0.8,0.8,0.6,0.8,0.86,0.85
activemq-5.0.0.csv,ATE-FS,0.88,0.77,0.78,0.77,0.55,0.88,0.84,0.83
--------,--------,--------,--------,--------,--------,--------,--------,--------,--------
activemq-5.8.0.csv,None,0.93,0.67,0.6,0.62,0.26,0.86,0.74,0.72
activemq-5.8.0.csv,GSMB,0.92,0.64,0.61,0.62,0.25,0.81,0.75,0.73
activemq-5.8.0.csv,IAMB,0.92,0.64,0.62,0.63,0.25,0.8,0.75,0.73
activemq-5.8.0.csv,IAMBnPC,0.89,0.58,0.61,0.59,0.19,0.78,0.74,0.72
activemq-5.8.0.csv,LRH,0.92,0.63,0.61,0.62,0.24,0.82,0.75,0.72
activemq-5.8.0.csv,BAMB,--,--,--,--,--,--,--,
activemq-5.8.0.csv,FBEDk,0.88,0.59,0.65,0.61,0.24,0.8,0.76,0.75
activemq-5.8.0.csv,MMMB,--,--,--,--,--,--,--,
activemq-5.8.0.csv,PCMB,--,--,--,--,--,--,--,
activemq-5.8.0.csv,HITON_MB,--,--,--,--,--,--,--,
activemq-5.8.0.csv,MBOR,--,--,--,--,--,--,--,
activemq-5.8.0.csv,IPCMB,--,--,--,--,--,--,--,
activemq-5.8.0.csv,STMB,--,--,--,--,--,--,--,
activemq-5.8.0.csv,KIAMB,0.92,0.64,0.61,0.62,0.24,0.82,0.75,0.72
activemq-5.8.0.csv,TIE_P,0.93,0.68,0.6,0.63,0.27,0.83,0.75,0.72
activemq-5.8.0.csv,Chi-Square1,0.87,0.58,0.65,0.6,0.22,0.8,0.75,0.74
activemq-5.8.0.csv,Chi-Square2,0.88,0.59,0.64,0.6,0.22,0.81,0.75,0.74
activemq-5.8.0.csv,Chi-Square3,0.89,0.6,0.65,0.62,0.24,0.82,0.76,0.75
activemq-5.8.0.csv,Chi-Square4,0.9,0.6,0.63,0.61,0.23,0.82,0.75,0.74
activemq-5.8.0.csv,Mutual-Info1,0.85,0.58,0.69,0.6,0.25,0.83,0.77,0.76
activemq-5.8.0.csv,Mutual-Info2,0.91,0.64,0.67,0.66,0.32,0.83,0.79,0.77
activemq-5.8.0.csv,Mutual-Info3,0.91,0.63,0.66,0.64,0.28,0.83,0.77,0.76
activemq-5.8.0.csv,Mutual-Info4,0.91,0.63,0.66,0.64,0.29,0.82,0.78,0.76
activemq-5.8.0.csv,Anova1,0.91,0.62,0.61,0.61,0.23,0.81,0.75,0.73
activemq-5.8.0.csv,Anova2,0.92,0.63,0.61,0.62,0.24,0.82,0.74,0.72
activemq-5.8.0.csv,Anova3,0.92,0.63,0.6,0.61,0.23,0.81,0.74,0.72
activemq-5.8.0.csv,Anova4,0.92,0.63,0.62,0.62,0.24,0.84,0.75,0.73
activemq-5.8.0.csv,DropCorrelated1,0.93,0.63,0.58,0.59,0.2,0.84,0.72,0.7
activemq-5.8.0.csv,DropCorrelated2,0.93,0.63,0.58,0.6,0.21,0.83,0.73,0.71
activemq-5.8.0.csv,DropCorrelated3,0.93,0.67,0.6,0.62,0.26,0.86,0.75,0.72
activemq-5.8.0.csv,DropCorrelated4,0.93,0.66,0.6,0.62,0.26,0.85,0.74,0.72
activemq-5.8.0.csv,SmartCorrelated1,0.93,0.67,0.58,0.6,0.23,0.85,0.73,0.7
activemq-5.8.0.csv,SmartCorrelated2,0.93,0.66,0.58,0.6,0.22,0.84,0.73,0.7
activemq-5.8.0.csv,SmartCorrelated3,0.91,0.62,0.64,0.63,0.27,0.85,0.77,0.75
activemq-5.8.0.csv,SmartCorrelated4,0.93,0.66,0.6,0.62,0.25,0.86,0.74,0.71
activemq-5.8.0.csv,RFE-Logistic1,0.9,0.61,0.64,0.62,0.25,0.7,0.76,0.74
activemq-5.8.0.csv,RFE-Logistic2,0.91,0.6,0.61,0.61,0.22,0.82,0.74,0.72
activemq-5.8.0.csv,RFE-Logistic3,0.86,0.58,0.65,0.59,0.22,0.77,0.75,0.74
activemq-5.8.0.csv,RFE-Logistic4,0.91,0.62,0.62,0.62,0.24,0.83,0.75,0.73
activemq-5.8.0.csv,Forward1,0.9,0.61,0.64,0.62,0.25,0.81,0.76,0.74
activemq-5.8.0.csv,Forward2,0.91,0.63,0.66,0.64,0.29,0.84,0.78,0.76
activemq-5.8.0.csv,Forward3,0.91,0.63,0.64,0.63,0.27,0.81,0.77,0.75
activemq-5.8.0.csv,Forward4,0.87,0.59,0.67,0.61,0.25,0.83,0.77,0.75
activemq-5.8.0.csv,RFE-Random1,0.94,0.47,0.5,0.48,0,0.48,0.67,0.65
activemq-5.8.0.csv,RFE-Random2,0.9,0.58,0.6,0.59,0.18,0.57,0.73,0.71
activemq-5.8.0.csv,RFE-Random3,0.9,0.58,0.59,0.58,0.17,0.76,0.72,0.7
activemq-5.8.0.csv,RFE-Random4,0.9,0.57,0.57,0.57,0.15,0.77,0.71,0.7
activemq-5.8.0.csv,Backward1,0.91,0.61,0.6,0.6,0.21,0.75,0.74,0.71
activemq-5.8.0.csv,Backward2,0.92,0.63,0.61,0.62,0.24,0.82,0.75,0.72
activemq-5.8.0.csv,Backward3,0.92,0.62,0.61,0.61,0.23,0.83,0.74,0.72
activemq-5.8.0.csv,Backward4,0.92,0.63,0.6,0.61,0.23,0.82,0.74,0.72
activemq-5.8.0.csv,Auto-Spearman,0.94,0.71,0.6,0.63,0.29,0.6,0.74,0.72
activemq-5.8.0.csv,ATE-FS,0.93,0.64,0.59,0.61,0.23,0.79,0.74,0.71
--------,--------,--------,--------,--------,--------,--------,--------,--------,--------
wicket-1.3.0-beta2.csv,None,0.9,0.68,0.67,0.67,0.34,0.84,0.78,0.76
wicket-1.3.0-beta2.csv,GSMB,0.89,0.62,0.64,0.63,0.26,0.78,0.76,0.74
wicket-1.3.0-beta2.csv,IAMB,0.88,0.61,0.64,0.62,0.25,0.76,0.75,0.74
wicket-1.3.0-beta2.csv,IAMBnPC,0.88,0.61,0.65,0.62,0.25,0.76,0.76,0.74
wicket-1.3.0-beta2.csv,LRH,0.89,0.62,0.64,0.62,0.25,0.78,0.75,0.74
wicket-1.3.0-beta2.csv,BAMB,0.89,0.63,0.64,0.63,0.27,0.78,0.76,0.74
wicket-1.3.0-beta2.csv,FBEDk,0.89,0.61,0.63,0.62,0.24,0.78,0.75,0.73
wicket-1.3.0-beta2.csv,MMMB,0.89,0.62,0.63,0.62,0.24,0.78,0.75,0.73
wicket-1.3.0-beta2.csv,PCMB,0.79,0.55,0.63,0.55,0.16,0.7,0.71,0.7
wicket-1.3.0-beta2.csv,HITON_MB,0.88,0.61,0.65,0.63,0.26,0.77,0.76,0.75
wicket-1.3.0-beta2.csv,MBOR,0.9,0.62,0.62,0.62,0.25,0.76,0.75,0.73
wicket-1.3.0-beta2.csv,IPCMB,0.84,0.53,0.54,0.53,0.07,0.67,0.67,0.67
wicket-1.3.0-beta2.csv,STMB,0.87,0.6,0.64,0.62,0.24,0.77,0.75,0.74
wicket-1.3.0-beta2.csv,KIAMB,0.87,0.61,0.65,0.62,0.26,0.78,0.76,0.75
wicket-1.3.0-beta2.csv,TIE_P,0.89,0.6,0.62,0.61,0.22,0.77,0.74,0.72
wicket-1.3.0-beta2.csv,Chi-Square1,0.85,0.58,0.63,0.59,0.2,0.74,0.74,0.72
wicket-1.3.0-beta2.csv,Chi-Square2,0.86,0.58,0.62,0.59,0.19,0.76,0.73,0.72
wicket-1.3.0-beta2.csv,Chi-Square3,0.87,0.6,0.64,0.61,0.23,0.79,0.75,0.74
wicket-1.3.0-beta2.csv,Chi-Square4,0.88,0.63,0.67,0.64,0.3,0.8,0.77,0.76
wicket-1.3.0-beta2.csv,Mutual-Info1,0.89,0.63,0.64,0.63,0.27,0.82,0.76,0.74
wicket-1.3.0-beta2.csv,Mutual-Info2,0.89,0.62,0.63,0.62,0.25,0.82,0.75,0.73
wicket-1.3.0-beta2.csv,Mutual-Info3,0.88,0.61,0.64,0.62,0.25,0.82,0.76,0.74
wicket-1.3.0-beta2.csv,Mutual-Info4,0.88,0.61,0.63,0.62,0.23,0.81,0.75,0.73
wicket-1.3.0-beta2.csv,Anova1,0.9,0.65,0.66,0.65,0.3,0.82,0.77,0.75
wicket-1.3.0-beta2.csv,Anova2,0.89,0.61,0.58,0.59,0.19,0.8,0.72,0.7
wicket-1.3.0-beta2.csv,Anova3,0.91,0.67,0.63,0.64,0.29,0.81,0.76,0.73
wicket-1.3.0-beta2.csv,Anova4,0.91,0.66,0.62,0.63,0.27,0.81,0.75,0.73
wicket-1.3.0-beta2.csv,DropCorrelated1,0.91,0.65,0.6,0.62,0.25,0.82,0.74,0.72
wicket-1.3.0-beta2.csv,DropCorrelated2,0.9,0.63,0.62,0.63,0.25,0.81,0.75,0.73
wicket-1.3.0-beta2.csv,DropCorrelated3,0.9,0.63,0.64,0.63,0.27,0.83,0.76,0.74
wicket-1.3.0-beta2.csv,DropCorrelated4,0.91,0.66,0.61,0.62,0.26,0.83,0.74,0.72
wicket-1.3.0-beta2.csv,SmartCorrelated1,0.91,0.67,0.63,0.64,0.3,0.83,0.76,0.74
wicket-1.3.0-beta2.csv,SmartCorrelated2,0.89,0.64,0.66,0.65,0.3,0.82,0.77,0.75
wicket-1.3.0-beta2.csv,SmartCorrelated3,0.91,0.69,0.62,0.64,0.29,0.83,0.75,0.73
wicket-1.3.0-beta2.csv,SmartCorrelated4,0.92,0.7,0.63,0.65,0.31,0.83,0.76,0.73
wicket-1.3.0-beta2.csv,RFE-Logistic1,0.86,0.59,0.64,0.61,0.23,0.74,0.75,0.73
wicket-1.3.0-beta2.csv,RFE-Logistic2,0.88,0.61,0.63,0.62,0.24,0.79,0.75,0.73
wicket-1.3.0-beta2.csv,RFE-Logistic3,0.9,0.61,0.59,0.6,0.19,0.77,0.73,0.71
wicket-1.3.0-beta2.csv,RFE-Logistic4,0.89,0.6,0.59,0.6,0.2,0.77,0.73,0.71
wicket-1.3.0-beta2.csv,Forward1,0.88,0.59,0.61,0.6,0.2,0.79,0.73,0.72
wicket-1.3.0-beta2.csv,Forward2,0.89,0.63,0.65,0.64,0.28,0.82,0.77,0.75
wicket-1.3.0-beta2.csv,Forward3,0.89,0.62,0.64,0.62,0.25,0.84,0.75,0.74
wicket-1.3.0-beta2.csv,Forward4,0.89,0.63,0.64,0.63,0.27,0.83,0.76,0.74
wicket-1.3.0-beta2.csv,RFE-Random1,0.92,0.63,0.54,0.55,0.14,0.66,0.7,0.67
wicket-1.3.0-beta2.csv,RFE-Random2,0.81,0.59,0.7,0.6,0.26,0.79,0.76,0.75
wicket-1.3.0-beta2.csv,RFE-Random3,0.89,0.59,0.58,0.58,0.16,0.81,0.71,0.7
wicket-1.3.0-beta2.csv,RFE-Random4,0.9,0.64,0.63,0.63,0.26,0.83,0.75,0.73
wicket-1.3.0-beta2.csv,Backward1,0.89,0.63,0.67,0.65,0.3,0.79,0.77,0.76
wicket-1.3.0-beta2.csv,Backward2,0.89,0.62,0.62,0.61,0.23,0.81,0.74,0.73
wicket-1.3.0-beta2.csv,Backward3,0.9,0.64,0.64,0.64,0.27,0.8,0.76,0.74
wicket-1.3.0-beta2.csv,Backward4,0.88,0.63,0.67,0.64,0.29,0.83,0.77,0.76
wicket-1.3.0-beta2.csv,Auto-Spearman,0.92,0.67,0.61,0.62,0.26,0.61,0.74,0.72
wicket-1.3.0-beta2.csv,ATE-FS,0.92,0.71,0.65,0.67,0.35,0.82,0.78,0.75
--------,--------,--------,--------,--------,--------,--------,--------,--------,--------
lucene-3.1.csv,None,0.96,0.65,0.55,0.56,0.16,0.79,0.7,0.68
lucene-3.1.csv,GSMB,0.7,0.51,0.57,0.46,0.06,0.62,0.63,0.63
lucene-3.1.csv,IAMB,0.8,0.5,0.51,0.48,0.01,0.59,0.63,0.63
lucene-3.1.csv,IAMBnPC,0.84,0.5,0.5,0.48,0,0.61,0.63,0.63
lucene-3.1.csv,LRH,0.7,0.51,0.59,0.46,0.07,0.63,0.64,0.64
lucene-3.1.csv,BAMB,0.81,0.5,0.49,0.48,-0.01,0.58,0.62,0.62
lucene-3.1.csv,FBEDk,0.71,0.51,0.58,0.46,0.06,0.62,0.64,0.64
lucene-3.1.csv,MMMB,0.85,0.51,0.52,0.5,0.02,0.56,0.65,0.65
lucene-3.1.csv,PCMB,0.95,0.53,0.52,0.52,0.05,0.57,0.68,0.66
lucene-3.1.csv,HITON_MB,0.81,0.5,0.5,0.48,0,0.59,0.62,0.63
lucene-3.1.csv,MBOR,0.89,0.52,0.53,0.51,0.04,0.61,0.67,0.66
lucene-3.1.csv,IPCMB,0.7,0.52,0.59,0.46,0.07,0.64,0.64,0.64
lucene-3.1.csv,STMB,0.85,0.5,0.52,0.49,0.02,0.59,0.65,0.65
lucene-3.1.csv,KIAMB,0.8,0.5,0.5,0.47,-0.01,0.57,0.62,0.62
lucene-3.1.csv,TIE_P,0.84,0.51,0.52,0.49,0.02,0.56,0.65,0.65
lucene-3.1.csv,Chi-Square1,0.81,0.53,0.63,0.52,0.13,0.71,0.71,0.71
lucene-3.1.csv,Chi-Square2,0.89,0.55,0.61,0.56,0.14,0.72,0.73,0.72
lucene-3.1.csv,Chi-Square3,0.89,0.55,0.61,0.56,0.14,0.71,0.73,0.71
lucene-3.1.csv,Chi-Square4,0.92,0.56,0.6,0.57,0.16,0.74,0.73,0.71
lucene-3.1.csv,Mutual-Info1,0.93,0.56,0.57,0.56,0.12,0.76,0.71,0.69
lucene-3.1.csv,Mutual-Info2,0.92,0.56,0.58,0.56,0.14,0.79,0.72,0.7
lucene-3.1.csv,Mutual-Info3,0.92,0.56,0.58,0.56,0.13,0.8,0.72,0.7
lucene-3.1.csv,Mutual-Info4,0.93,0.56,0.57,0.56,0.13,0.79,0.72,0.7
lucene-3.1.csv,Anova1,0.91,0.56,0.61,0.57,0.16,0.74,0.74,0.72
lucene-3.1.csv,Anova2,0.91,0.56,0.62,0.58,0.17,0.75,0.74,0.73
lucene-3.1.csv,Anova3,0.93,0.56,0.56,0.56,0.12,0.74,0.71,0.69
lucene-3.1.csv,Anova4,0.94,0.57,0.55,0.55,0.12,0.78,0.7,0.68
lucene-3.1.csv,DropCorrelated1,0.96,0.65,0.54,0.55,0.14,0.76,0.69,0.67
lucene-3.1.csv,DropCorrelated2,0.96,0.61,0.53,0.54,0.12,0.78,0.69,0.67
lucene-3.1.csv,DropCorrelated3,0.96,0.62,0.53,0.54,0.12,0.78,0.69,0.67
lucene-3.1.csv,DropCorrelated4,0.95,0.6,0.55,0.56,0.14,0.72,0.71,0.68
lucene-3.1.csv,SmartCorrelated1,0.95,0.6,0.54,0.55,0.12,0.78,0.7,0.68
lucene-3.1.csv,SmartCorrelated2,0.96,0.63,0.55,0.56,0.15,0.76,0.7,0.68
lucene-3.1.csv,SmartCorrelated3,0.96,0.64,0.54,0.55,0.14,0.79,0.7,0.67
lucene-3.1.csv,SmartCorrelated4,0.96,0.7,0.56,0.58,0.21,0.79,0.71,0.69
lucene-3.1.csv,RFE-Logistic1,0.94,0.55,0.54,0.54,0.09,0.61,0.69,0.67
lucene-3.1.csv,RFE-Logistic2,0.94,0.56,0.54,0.55,0.1,0.67,0.69,0.68
lucene-3.1.csv,RFE-Logistic3,0.89,0.53,0.57,0.54,0.09,0.7,0.7,0.69
lucene-3.1.csv,RFE-Logistic4,0.94,0.55,0.54,0.54,0.09,0.72,0.69,0.67
lucene-3.1.csv,Forward1,0.92,0.56,0.57,0.56,0.13,0.74,0.71,0.7
lucene-3.1.csv,Forward2,0.89,0.54,0.59,0.55,0.12,0.73,0.72,0.71
lucene-3.1.csv,Forward3,0.93,0.56,0.58,0.57,0.14,0.71,0.72,0.7
lucene-3.1.csv,Forward4,0.95,0.6,0.56,0.57,0.15,0.73,0.71,0.69
lucene-3.1.csv,RFE-Random1,0.96,0.61,0.52,0.53,0.1,0.58,0.68,0.66
lucene-3.1.csv,RFE-Random2,0.93,0.58,0.59,0.58,0.16,0.75,0.73,0.71
lucene-3.1.csv,RFE-Random3,0.94,0.57,0.56,0.56,0.13,0.7,0.71,0.69
lucene-3.1.csv,RFE-Random4,0.94,0.57,0.55,0.55,0.11,0.76,0.7,0.68
lucene-3.1.csv,Backward1,0.89,0.55,0.62,0.56,0.15,0.74,0.73,0.72
lucene-3.1.csv,Backward2,0.92,0.57,0.61,0.58,0.17,0.76,0.74,0.72
lucene-3.1.csv,Backward3,0.93,0.57,0.59,0.57,0.16,0.78,0.73,0.71
lucene-3.1.csv,Backward4,0.93,0.56,0.57,0.56,0.12,0.8,0.71,0.69
lucene-3.1.csv,Auto-Spearman,0.96,0.6,0.52,0.53,0.1,0.52,0.69,0.66
lucene-3.1.csv,ATE-FS,0.95,0.55,0.53,0.54,0.08,0.67,0.69,0.67
--------,--------,--------,--------,--------,--------,--------,--------,--------,--------
wicket-1.5.3.csv,None,0.95,0.63,0.55,0.57,0.16,0.82,0.71,0.68
wicket-1.5.3.csv,GSMB,0.93,0.54,0.54,0.54,0.08,0.74,0.69,0.67
wicket-1.5.3.csv,IAMB,0.93,0.54,0.53,0.54,0.07,0.74,0.69,0.67
wicket-1.5.3.csv,IAMBnPC,0.93,0.52,0.52,0.52,0.04,0.71,0.68,0.66
wicket-1.5.3.csv,LRH,0.92,0.52,0.53,0.52,0.05,0.69,0.68,0.66
wicket-1.5.3.csv,BAMB,0.91,0.51,0.51,0.51,0.02,0.73,0.66,0.65
wicket-1.5.3.csv,FBEDk,0.92,0.52,0.53,0.53,0.05,0.73,0.68,0.67
wicket-1.5.3.csv,MMMB,0.91,0.55,0.58,0.56,0.13,0.75,0.72,0.7
wicket-1.5.3.csv,PCMB,0.92,0.53,0.54,0.53,0.07,0.68,0.69,0.67
wicket-1.5.3.csv,HITON_MB,0.93,0.57,0.55,0.56,0.12,0.75,0.7,0.68
wicket-1.5.3.csv,MBOR,0.93,0.54,0.54,0.54,0.08,0.74,0.69,0.67
wicket-1.5.3.csv,IPCMB,0.92,0.53,0.54,0.53,0.07,0.74,0.69,0.68
wicket-1.5.3.csv,STMB,0.93,0.52,0.52,0.52,0.05,0.7,0.68,0.66
wicket-1.5.3.csv,KIAMB,0.9,0.51,0.52,0.51,0.03,0.71,0.67,0.66
wicket-1.5.3.csv,TIE_P,0.93,0.57,0.56,0.56,0.13,0.73,0.71,0.69
wicket-1.5.3.csv,Chi-Square1,0.89,0.55,0.6,0.56,0.13,0.73,0.72,0.71
wicket-1.5.3.csv,Chi-Square2,0.85,0.55,0.67,0.56,0.18,0.77,0.75,0.74
wicket-1.5.3.csv,Chi-Square3,0.85,0.56,0.7,0.57,0.22,0.79,0.77,0.77
wicket-1.5.3.csv,Chi-Square4,0.9,0.56,0.61,0.57,0.16,0.78,0.73,0.72
wicket-1.5.3.csv,Mutual-Info1,0.93,0.6,0.63,0.61,0.22,0.79,0.76,0.74
wicket-1.5.3.csv,Mutual-Info2,0.88,0.58,0.7,0.6,0.25,0.82,0.78,0.77
wicket-1.5.3.csv,Mutual-Info3,0.89,0.58,0.69,0.6,0.25,0.82,0.78,0.77
wicket-1.5.3.csv,Mutual-Info4,0.92,0.57,0.61,0.59,0.18,0.82,0.74,0.72
wicket-1.5.3.csv,Anova1,0.92,0.57,0.59,0.58,0.16,0.74,0.73,0.71
wicket-1.5.3.csv,Anova2,0.94,0.61,0.6,0.6,0.21,0.76,0.74,0.72
wicket-1.5.3.csv,Anova3,0.93,0.59,0.6,0.6,0.2,0.78,0.74,0.72
wicket-1.5.3.csv,Anova4,0.9,0.58,0.67,0.61,0.24,0.8,0.78,0.76
wicket-1.5.3.csv,DropCorrelated1,0.94,0.61,0.57,0.58,0.17,0.8,0.72,0.7
wicket-1.5.3.csv,DropCorrelated2,0.93,0.59,0.6,0.6,0.19,0.82,0.74,0.72
wicket-1.5.3.csv,DropCorrelated3,0.94,0.6,0.6,0.59,0.19,0.82,0.74,0.71
wicket-1.5.3.csv,DropCorrelated4,0.94,0.59,0.59,0.59,0.18,0.81,0.73,0.71
wicket-1.5.3.csv,SmartCorrelated1,0.92,0.55,0.58,0.56,0.12,0.79,0.71,0.7
wicket-1.5.3.csv,SmartCorrelated2,0.93,0.58,0.59,0.58,0.17,0.8,0.73,0.71
wicket-1.5.3.csv,SmartCorrelated3,0.94,0.59,0.6,0.59,0.19,0.8,0.74,0.72
wicket-1.5.3.csv,SmartCorrelated4,0.93,0.59,0.62,0.6,0.21,0.82,0.75,0.73
wicket-1.5.3.csv,RFE-Logistic1,0.9,0.56,0.6,0.57,0.15,0.69,0.73,0.71
wicket-1.5.3.csv,RFE-Logistic2,0.92,0.58,0.61,0.59,0.19,0.76,0.74,0.72
wicket-1.5.3.csv,RFE-Logistic3,0.94,0.63,0.64,0.63,0.27,0.81,0.77,0.74
wicket-1.5.3.csv,RFE-Logistic4,0.94,0.61,0.6,0.6,0.21,0.8,0.74,0.71
wicket-1.5.3.csv,Forward1,0.92,0.55,0.56,0.55,0.11,0.77,0.7,0.69
wicket-1.5.3.csv,Forward2,0.94,0.63,0.61,0.61,0.23,0.8,0.75,0.72
wicket-1.5.3.csv,Forward3,0.94,0.59,0.58,0.58,0.17,0.8,0.73,0.7
wicket-1.5.3.csv,Forward4,0.94,0.62,0.59,0.6,0.21,0.8,0.74,0.71
wicket-1.5.3.csv,RFE-Random1,0.96,0.48,0.5,0.49,-0.01,0.5,0.67,0.65
wicket-1.5.3.csv,RFE-Random2,0.9,0.55,0.58,0.55,0.12,0.79,0.71,0.7
wicket-1.5.3.csv,RFE-Random3,0.92,0.54,0.55,0.54,0.09,0.6,0.7,0.68
wicket-1.5.3.csv,RFE-Random4,0.92,0.53,0.54,0.54,0.07,0.68,0.69,0.67
wicket-1.5.3.csv,Backward1,0.93,0.59,0.6,0.59,0.19,0.79,0.74,0.72
wicket-1.5.3.csv,Backward2,0.94,0.59,0.58,0.59,0.18,0.78,0.73,0.71
wicket-1.5.3.csv,Backward3,0.94,0.61,0.6,0.6,0.21,0.8,0.74,0.71
wicket-1.5.3.csv,Backward4,0.94,0.6,0.6,0.6,0.2,0.81,0.74,0.72
wicket-1.5.3.csv,Auto-Spearman,0.95,0.56,0.52,0.53,0.07,0.52,0.68,0.66
wicket-1.5.3.csv,ATE-FS,0.94,0.6,0.56,0.56,0.15,0.78,0.71,0.69
--------,--------,--------,--------,--------,--------,--------,--------,--------,--------
mylyn.csv,None,0.83,0.65,0.68,0.66,0.32,0.79,0.77,0.76
mylyn.csv,GSMB,0.81,0.6,0.61,0.6,0.2,0.64,0.72,0.71
mylyn.csv,IAMB,0.81,0.6,0.61,0.6,0.21,0.64,0.72,0.71
mylyn.csv,IAMBnPC,0.75,0.57,0.6,0.57,0.17,0.65,0.69,0.68
mylyn.csv,LRH,0.74,0.57,0.6,0.57,0.17,0.64,0.68,0.68
mylyn.csv,BAMB,0.81,0.6,0.61,0.61,0.21,0.65,0.72,0.71
mylyn.csv,FBEDk,0.81,0.6,0.61,0.6,0.21,0.64,0.72,0.71
mylyn.csv,MMMB,0.8,0.59,0.6,0.6,0.2,0.63,0.71,0.71
mylyn.csv,PCMB,0.81,0.6,0.62,0.61,0.22,0.65,0.72,0.72
mylyn.csv,HITON_MB,0.8,0.59,0.61,0.6,0.2,0.64,0.71,0.71
mylyn.csv,MBOR,0.81,0.6,0.61,0.6,0.21,0.65,0.72,0.71
mylyn.csv,IPCMB,0.75,0.57,0.6,0.57,0.16,0.65,0.69,0.68
mylyn.csv,STMB,0.76,0.57,0.6,0.57,0.16,0.66,0.69,0.69
mylyn.csv,KIAMB,0.8,0.6,0.62,0.6,0.21,0.64,0.72,0.71
mylyn.csv,TIE_P,0.54,0.52,0.54,0.45,0.05,0.55,0.54,0.54
mylyn.csv,Chi-Square1,--,--,--,--,--,--,--,
mylyn.csv,Chi-Square2,--,--,--,--,--,--,--,
mylyn.csv,Chi-Square3,--,--,--,--,--,--,--,
mylyn.csv,Chi-Square4,--,--,--,--,--,--,--,
mylyn.csv,Mutual-Info1,0.8,0.63,0.68,0.64,0.3,0.79,0.75,0.75
mylyn.csv,Mutual-Info2,0.8,0.62,0.67,0.64,0.29,0.79,0.75,0.74
mylyn.csv,Mutual-Info3,0.81,0.63,0.68,0.65,0.3,0.79,0.76,0.75
mylyn.csv,Mutual-Info4,0.8,0.62,0.68,0.64,0.3,0.79,0.75,0.74
mylyn.csv,Anova1,0.81,0.62,0.65,0.63,0.27,0.76,0.74,0.73
mylyn.csv,Anova2,0.82,0.64,0.66,0.65,0.3,0.79,0.75,0.75
mylyn.csv,Anova3,0.81,0.63,0.68,0.65,0.31,0.79,0.75,0.75
mylyn.csv,Anova4,0.83,0.65,0.67,0.66,0.31,0.79,0.76,0.75
mylyn.csv,DropCorrelated1,0.69,0.55,0.59,0.54,0.14,0.67,0.65,0.65
mylyn.csv,DropCorrelated2,0.75,0.57,0.61,0.58,0.18,0.66,0.69,0.69
mylyn.csv,DropCorrelated3,0.79,0.62,0.68,0.64,0.3,0.78,0.75,0.74
mylyn.csv,DropCorrelated4,0.81,0.64,0.68,0.65,0.31,0.77,0.76,0.75
mylyn.csv,SmartCorrelated1,0.65,0.55,0.6,0.53,0.15,0.67,0.64,0.64
mylyn.csv,SmartCorrelated2,0.64,0.55,0.6,0.52,0.15,0.66,0.63,0.63
mylyn.csv,SmartCorrelated3,0.71,0.55,0.58,0.54,0.13,0.66,0.65,0.65
mylyn.csv,SmartCorrelated4,0.76,0.57,0.59,0.57,0.15,0.68,0.69,0.68
mylyn.csv,RFE-Logistic1,0.79,0.62,0.69,0.64,0.3,0.77,0.75,0.75
mylyn.csv,RFE-Logistic2,0.71,0.57,0.62,0.57,0.19,0.7,0.68,0.67
mylyn.csv,RFE-Logistic3,0.74,0.58,0.62,0.58,0.19,0.71,0.69,0.69
mylyn.csv,RFE-Logistic4,0.81,0.64,0.69,0.65,0.32,0.79,0.76,0.76
mylyn.csv,Forward1,0.77,0.61,0.69,0.63,0.29,0.79,0.74,0.73
mylyn.csv,Forward2,0.82,0.65,0.7,0.66,0.34,0.8,0.77,0.76
mylyn.csv,Forward3,0.82,0.64,0.68,0.66,0.32,0.8,0.76,0.76
mylyn.csv,Forward4,0.81,0.64,0.68,0.65,0.31,0.79,0.76,0.75
mylyn.csv,RFE-Random1,0.76,0.61,0.69,0.62,0.29,0.77,0.73,0.73
mylyn.csv,RFE-Random2,0.77,0.62,0.7,0.64,0.32,0.79,0.75,0.74
mylyn.csv,RFE-Random3,0.81,0.64,0.7,0.66,0.34,0.79,0.77,0.76
mylyn.csv,RFE-Random4,0.79,0.63,0.7,0.65,0.33,0.79,0.76,0.75
mylyn.csv,Backward1,0.79,0.63,0.68,0.64,0.3,0.79,0.75,0.75
mylyn.csv,Backward2,0.8,0.64,0.69,0.65,0.32,0.8,0.76,0.76
mylyn.csv,Backward3,0.81,0.64,0.67,0.65,0.31,0.8,0.76,0.75
mylyn.csv,Backward4,0.81,0.63,0.67,0.64,0.3,0.79,0.75,0.75
mylyn.csv,Auto-Spearman,0.82,0.63,0.65,0.64,0.28,0.65,0.75,0.74
mylyn.csv,ATE-FS,0.78,0.57,0.58,0.57,0.15,0.67,0.69,0.68
--------,--------,--------,--------,--------,--------,--------,--------,--------,--------